-1.645391839595776506e+00,-8.214949650032343786e-01,0.000000000000000000e+00
-1.603687730400812139e+00,-1.394674224536487372e+00,0.000000000000000000e+00
-1.145952520636989158e+00,-1.241084130250880158e+00,0.000000000000000000e+00
-1.460622700887249215e+00,-1.731586456319506695e+00,0.000000000000000000e+00
-1.312939221941390455e+00,-1.020024916694966199e+00,0.000000000000000000e+00
-1.653970817807236315e+00,-1.366520703161665518e+00,0.000000000000000000e+00
-1.190662721787827172e+00,-1.027861012950520569e+00,0.000000000000000000e+00
-1.293000827251082674e+00,-1.291889485967148810e+00,0.000000000000000000e+00
-1.414589734545246280e+00,-1.322266615559025693e+00,0.000000000000000000e+00
-1.484628862905399194e+00,-6.064766443796847373e-01,0.000000000000000000e+00
-1.514339424712027649e+00,-1.297703073982109823e+00,0.000000000000000000e+00
-1.532238150937771382e+00,-1.321866795554782481e+00,0.000000000000000000e+00
-1.752837801364885761e+00,-7.810253147738419610e-01,0.000000000000000000e+00
-1.644947688683227494e+00,-1.427882587898059219e+00,0.000000000000000000e+00
-1.493791365942540583e+00,-8.333978331964562170e-01,0.000000000000000000e+00
-1.300644491132171732e+00,-1.750768803644943805e+00,0.000000000000000000e+00
-1.660707021163291275e+00,-1.291560174547859985e+00,0.000000000000000000e+00
-1.698985995097229029e+00,-1.110065372366051628e+00,0.000000000000000000e+00
-1.619047823000999475e+00,-6.697208901058850916e-01,0.000000000000000000e+00
-1.310281629440944284e+00,-1.038140254165536680e+00,0.000000000000000000e+00
-1.557922447210768668e+00,-1.208849801258910173e+00,0.000000000000000000e+00
-1.051174759740643339e+00,-9.960195376153327951e-01,0.000000000000000000e+00
-1.108696935344058776e+00,-1.575583818631802968e+00,0.000000000000000000e+00
-1.459576923776281010e+00,-1.084778165691718144e+00,0.000000000000000000e+00
-1.715149756377571943e+00,-1.004173420757043411e+00,0.000000000000000000e+00
-1.378106469984804461e+00,-1.336914596496570296e+00,0.000000000000000000e+00
-1.180385294200585022e+00,-1.182476835751116173e+00,0.000000000000000000e+00
-1.915248349338424250e+00,-8.667722231907063479e-01,0.000000000000000000e+00
-1.469089944074675635e+00,-1.438271519696837419e+00,0.000000000000000000e+00
-1.579512445572659018e+00,-1.095101452686906285e+00,0.000000000000000000e+00
-1.677544721750132251e+00,-1.394256793330677091e+00,0.000000000000000000e+00
-1.533136469995532991e+00,-8.844379914449644886e-01,0.000000000000000000e+00
-1.457275362715706901e+00,-1.049401738756997160e+00,0.000000000000000000e+00
-1.096614746385908390e+00,-1.464917190010373016e+00,0.000000000000000000e+00
-1.479818331584226598e+00,-7.259026423238245096e-01,0.000000000000000000e+00
-1.334833272797616432e+00,-1.257285965080222390e+00,0.000000000000000000e+00
-1.478282531673123401e+00,-1.427473565784671994e+00,0.000000000000000000e+00
-1.304923122813502534e+00,-1.196182226417865202e+00,0.000000000000000000e+00
-1.439784274671621400e+00,-9.344267741478340383e-01,0.000000000000000000e+00
-1.321671521571038399e+00,-1.172510581780588534e+00,0.000000000000000000e+00
-1.845087233719320929e+00,-1.273764692942373822e+00,0.000000000000000000e+00
-1.412421535074074752e+00,-1.122390893496641784e+00,0.000000000000000000e+00
-1.454417744284346448e+00,-1.172661920527525714e+00,0.000000000000000000e+00
-1.312414668185404309e+00,-1.262812193824859097e+00,0.000000000000000000e+00
-9.046464970807828188e-01,-1.623358743025091311e+00,0.000000000000000000e+00
-1.996081410843182802e+00,-5.438046939140894764e-01,0.000000000000000000e+00
-1.130632199186874187e+00,-1.325172272964576736e+00,0.000000000000000000e+00
-1.153941448039191631e+00,-1.105813019631273431e+00,0.000000000000000000e+00
-1.441547670559500505e+00,-1.000780554143420265e+00,0.000000000000000000e+00
-1.776731223361004197e+00,-1.140026219727409140e+00,0.000000000000000000e+00
-1.492958876754402864e+00,-1.038965418449615541e+00,0.000000000000000000e+00
-1.839434746371539919e+00,-1.064593891837508188e+00,0.000000000000000000e+00
-1.357368435243031302e+00,-1.058986942914781793e+00,0.000000000000000000e+00
-1.432676640136915536e+00,-7.414594901231678081e-01,0.000000000000000000e+00
-1.433380529135878323e+00,-9.488351521450585357e-01,0.000000000000000000e+00
-1.421792557016906322e+00,-8.166670025050660753e-01,0.000000000000000000e+00
-1.357271960360562968e+00,-1.361033065618773019e+00,0.000000000000000000e+00
-1.782301472153519750e+00,-5.321453551145696181e-01,0.000000000000000000e+00
-1.299732672126600486e+00,-1.003411689400796059e+00,0.000000000000000000e+00
-1.174706123348717712e+00,-8.365835919040891522e-01,0.000000000000000000e+00
-1.366919036552720623e+00,-9.064032536465107537e-01,0.000000000000000000e+00
-1.392484819679142172e+00,-1.052622408842787127e+00,0.000000000000000000e+00
-1.428403021304033071e+00,-8.688812432530409469e-01,0.000000000000000000e+00
-1.247975640664934938e+00,-1.175778690269521309e+00,0.000000000000000000e+00
-1.739474000933599163e+00,-9.939361631726317814e-01,0.000000000000000000e+00
-1.020504438211751186e+00,-1.049619979870515474e+00,0.000000000000000000e+00
-1.305869073337418307e+00,-1.228236099571124118e+00,0.000000000000000000e+00
-1.432348497670995702e+00,-1.046626517005766699e+00,0.000000000000000000e+00
-1.660292809550933280e+00,-7.296507018607334416e-01,0.000000000000000000e+00
-1.289637997578962691e+00,-6.931438604971268402e-01,0.000000000000000000e+00
-1.249991030154179672e+00,-1.219365456679124549e+00,0.000000000000000000e+00
-1.623342479823929985e+00,-1.143221188032934599e+00,0.000000000000000000e+00
-1.656915998861172357e+00,-1.419300539068097278e+00,0.000000000000000000e+00
-1.614290770976985367e+00,-6.652668135958292872e-01,0.000000000000000000e+00
-1.734851245157376098e+00,-9.434673421317054665e-01,0.000000000000000000e+00
-1.676308845887486410e+00,-1.039504021513086407e+00,0.000000000000000000e+00
-1.744444567255929890e+00,-1.131747575447331400e+00,0.000000000000000000e+00
-1.297784668430455479e+00,-1.158708920939469866e+00,0.000000000000000000e+00
-1.323024676583774095e+00,-8.706368047779855512e-01,0.000000000000000000e+00
-1.384552102801885454e+00,-1.305445468024253985e+00,0.000000000000000000e+00
-1.551761830749993631e+00,-1.295215993623454409e+00,0.000000000000000000e+00
-1.375681163087619563e+00,-1.456323262428841581e+00,0.000000000000000000e+00
-1.186924675544963836e+00,-1.083803182367314877e+00,0.000000000000000000e+00
-1.592977281440276061e+00,-1.311819213708839360e+00,0.000000000000000000e+00
-1.491935323757091370e+00,-9.425228913399615882e-01,0.000000000000000000e+00
-1.445927934840230966e+00,-7.811580046594267523e-01,0.000000000000000000e+00
-1.333164466776712631e+00,-8.872161131824645164e-01,0.000000000000000000e+00
-1.261927553891776244e+00,-9.353303667813945843e-01,0.000000000000000000e+00
-1.292072894031766506e+00,-6.681083362720305896e-01,0.000000000000000000e+00
-1.716709797618140243e+00,-1.023467859046583328e+00,0.000000000000000000e+00
-8.866251185750576580e-01,-8.410533414329448565e-01,0.000000000000000000e+00
-1.026894028397170588e+00,-5.781257138065318824e-01,0.000000000000000000e+00
-1.018937516624640161e+00,-3.228125323185765949e-01,0.000000000000000000e+00
-1.285239716818859401e+00,-7.082838830178439515e-01,0.000000000000000000e+00
-1.098117815097245931e+00,-3.389949999423609306e-01,0.000000000000000000e+00
-1.639252518369424205e+00,-5.111103768850380202e-01,0.000000000000000000e+00
-1.224215500728254469e+00,-7.754671498357386117e-01,0.000000000000000000e+00
-1.394571509124609143e+00,-7.289295727994240526e-01,0.000000000000000000e+00
-1.181424996801717864e+00,-3.970213031450895991e-01,0.000000000000000000e+00
-1.163417229067426950e+00,-7.748906232352804624e-01,0.000000000000000000e+00
-1.515138268268404254e+00,-3.739723279114446353e-01,0.000000000000000000e+00
-1.297565697235056437e+00,-7.160916567114085085e-01,0.000000000000000000e+00
-1.187788570064977067e+00,-7.297652867387734998e-01,0.000000000000000000e+00
-1.158890034459848728e+00,-7.158218965267865164e-01,0.000000000000000000e+00
-1.252969762857282232e+00,-9.507802754646863530e-01,0.000000000000000000e+00
-1.004539603312797347e+00,-3.715876456790265792e-01,0.000000000000000000e+00
-1.261079907813919210e+00,-8.485656583101884864e-01,0.000000000000000000e+00
-1.187240049547193088e+00,-6.935498163906320679e-01,0.000000000000000000e+00
-1.239908890842733369e+00,-6.403086557710712112e-01,0.000000000000000000e+00
-1.046887194134047849e+00,-4.775806484047563361e-01,0.000000000000000000e+00
-1.488396349042242939e+00,-6.827728432089127386e-01,0.000000000000000000e+00
-1.504153274498452042e+00,-1.025711132715970919e+00,0.000000000000000000e+00
-1.165397440175783617e+00,-6.630771645914780299e-01,0.000000000000000000e+00
-1.539383731431044566e+00,-5.836615693944466887e-01,0.000000000000000000e+00
-1.633771608717796031e+00,-8.050955819845837524e-01,0.000000000000000000e+00
-7.161309773458824912e-01,-4.961295633286036399e-01,0.000000000000000000e+00
-1.163865241310538590e+00,-8.608631052128463690e-01,0.000000000000000000e+00
-1.196738903662291520e+00,-1.356655434084800493e+00,0.000000000000000000e+00
-1.151879954895751013e+00,-5.515708128942500288e-01,0.000000000000000000e+00
-1.330295892013665160e+00,-8.957427124250562089e-01,0.000000000000000000e+00
-1.120374152984423555e+00,-6.910602359246982296e-01,0.000000000000000000e+00
-1.570439897471546109e+00,-7.579724335345623398e-01,0.000000000000000000e+00
-1.211064912943570215e+00,-1.120711003516321469e+00,0.000000000000000000e+00
-9.502462595960992076e-01,-1.081467703044916018e+00,0.000000000000000000e+00
-1.221670780349723762e+00,-7.871971338760122006e-01,0.000000000000000000e+00
-1.082542184324656320e+00,-5.386441138420634545e-01,0.000000000000000000e+00
-1.117784108552684508e+00,-1.296694883266178877e+00,0.000000000000000000e+00
-1.408882302428136724e+00,-4.212281893227790008e-01,0.000000000000000000e+00
-1.236916660720239758e+00,-9.249511931433906931e-02,0.000000000000000000e+00
-1.149798625303237065e+00,-5.172327187492161693e-01,0.000000000000000000e+00
-1.564017134686169097e+00,-4.523746500921486113e-01,0.000000000000000000e+00
-1.338196771997995249e+00,-7.358160068141954557e-01,0.000000000000000000e+00
-1.058097111511636434e+00,-8.859584702609543116e-01,0.000000000000000000e+00
-1.022925333109219848e+00,-6.890571864698055160e-01,0.000000000000000000e+00
-1.353594548704760037e+00,-7.338656282435109812e-01,0.000000000000000000e+00
-1.744111068085113514e+00,-1.302251834414192233e+00,0.000000000000000000e+00
-1.698926859103759845e+00,-1.270040808760147577e+00,0.000000000000000000e+00
-1.613096346886834453e+00,-1.171620891318291946e+00,0.000000000000000000e+00
-1.546452250700318887e+00,-1.210514023293102648e+00,0.000000000000000000e+00
-7.846979936593843075e-01,-9.692434050432301440e-01,0.000000000000000000e+00
-1.200027487573710694e+00,-5.882403676614194055e-01,0.000000000000000000e+00
-1.199625674974678757e+00,-1.274543821049596737e+00,0.000000000000000000e+00
-1.336055709361069210e+00,-5.589266341236384106e-01,0.000000000000000000e+00
-1.140894846436220966e+00,-8.608963013517590968e-01,0.000000000000000000e+00
-1.323881444032773302e+00,-1.101877373761540158e+00,0.000000000000000000e+00
-1.372730117611032474e+00,-4.999946713714445434e-01,0.000000000000000000e+00
-5.525186309747932567e-01,-1.213324947145406396e+00,0.000000000000000000e+00
-1.073512521684433674e+00,-1.638837440747448415e+00,0.000000000000000000e+00
-1.310092684437784483e+00,-8.362129873260187862e-01,0.000000000000000000e+00
-1.580856513076434933e+00,-6.596696592102776480e-01,0.000000000000000000e+00
-1.193636828479171852e+00,-1.425021197359571890e+00,0.000000000000000000e+00
-1.938810383064529574e+00,-9.592921210760839701e-01,0.000000000000000000e+00
-1.052313544320902405e+00,-9.436372813184193964e-01,0.000000000000000000e+00
-1.129173119810595649e+00,-7.924685380146833102e-01,0.000000000000000000e+00
-9.004695960023689771e-01,-8.405707194352716183e-01,0.000000000000000000e+00
-1.190991721257908864e+00,-4.355348353843938591e-01,0.000000000000000000e+00
-1.867457911358126665e+00,-7.313766297116668369e-01,0.000000000000000000e+00
-1.553276356694384797e+00,-1.172247662083537589e+00,0.000000000000000000e+00
-1.651208117025243727e+00,-8.714642233743048472e-01,0.000000000000000000e+00
-1.036235917138940810e+00,-1.255063767230395921e+00,0.000000000000000000e+00
-1.491553624965744840e+00,-1.045061521121303461e+00,0.000000000000000000e+00
-1.398770428410266220e+00,-4.298418888067115917e-01,0.000000000000000000e+00
-1.439787376935278251e+00,-1.336167214281948512e+00,0.000000000000000000e+00
-1.299750645458646714e+00,-1.076186456841691896e+00,0.000000000000000000e+00
-1.115249212478026886e+00,-8.374635358566837606e-01,0.000000000000000000e+00
-1.299775211208417547e+00,-1.119791675986218538e+00,0.000000000000000000e+00
-1.006027508007048432e+00,-1.074017780702096081e+00,0.000000000000000000e+00
-1.066153930588719323e+00,-1.362014554144697964e+00,0.000000000000000000e+00
-1.066812487546459298e+00,-1.043903143557602498e+00,0.000000000000000000e+00
-1.501650171735161798e+00,-8.240400745683356121e-01,0.000000000000000000e+00
-1.092385112954291193e+00,-8.585921499628343945e-01,0.000000000000000000e+00
-1.265882046985927989e+00,-1.172072297734888968e+00,0.000000000000000000e+00
-1.185937639698181556e+00,-9.913095729835880165e-01,0.000000000000000000e+00
-1.323996369372010484e+00,-8.152755976321902631e-01,0.000000000000000000e+00
-1.245935280232242759e+00,-7.528333607231435520e-01,0.000000000000000000e+00
-1.425026590953100580e+00,-8.969929326708568906e-01,0.000000000000000000e+00
-1.638417721612281053e+00,-1.000876858188153307e+00,0.000000000000000000e+00
-1.269385059348581368e+00,-1.163377153589182145e+00,0.000000000000000000e+00
-1.369884323649219970e+00,-1.093025874439877754e+00,0.000000000000000000e+00
-1.105637798967185281e+00,-6.469066875591489296e-01,0.000000000000000000e+00
-1.328536351424577378e+00,-8.775168215134717675e-01,0.000000000000000000e+00
-1.017089866633882789e+00,-7.900645115774636018e-01,0.000000000000000000e+00
-1.244366146518506300e+00,-1.021836052820616292e+00,0.000000000000000000e+00
-1.415883187196382398e+00,-1.353881412861921429e-01,0.000000000000000000e+00
-1.691780732633296314e+00,-8.180342936881336291e-01,0.000000000000000000e+00
-1.462955175604585767e+00,-3.486505604737826780e-01,0.000000000000000000e+00
-1.476113921956786479e+00,-6.304486165131009123e-01,0.000000000000000000e+00
-1.333495137679066245e+00,-3.059654998112684154e-01,0.000000000000000000e+00
-1.403817749238894574e+00,-1.109574400205335154e+00,0.000000000000000000e+00
-1.018090066298042551e+00,-7.070526821847201715e-01,0.000000000000000000e+00
-1.578995582205127812e+00,-6.987541398722569852e-01,0.000000000000000000e+00
-1.326975391821001660e+00,-6.226826553880160375e-01,0.000000000000000000e+00
-1.060906784225072119e+00,-1.295870025905371259e+00,0.000000000000000000e+00
-1.367643284746715482e+00,-7.936987491446125809e-01,0.000000000000000000e+00
-1.636464109289294422e+00,-5.231057755473648152e-01,0.000000000000000000e+00
-1.128910058379623660e+00,-3.835665040473801857e-01,0.000000000000000000e+00
-1.459235151665397634e+00,-7.576786293039882159e-01,0.000000000000000000e+00
-1.381657402165955117e+00,-3.597269564644011153e-01,0.000000000000000000e+00
-1.298808857309454057e+00,-2.556803799334267935e-01,0.000000000000000000e+00
-1.286293643386123842e+00,-5.040707444132135340e-01,0.000000000000000000e+00
-1.008977341929501392e+00,-5.398512243541473410e-01,0.000000000000000000e+00
-1.290811815563940979e+00,-1.145984000282381787e+00,0.000000000000000000e+00
-1.074951069613125254e+00,-5.687612043089774749e-01,0.000000000000000000e+00
-1.776669677533752933e+00,-8.507712646749333585e-01,0.000000000000000000e+00
-1.511563739217464786e+00,-8.185767340318677032e-01,0.000000000000000000e+00
-1.301459797427878540e+00,-5.428218069101509169e-01,0.000000000000000000e+00
-1.556217567168304505e+00,-8.245642679468970782e-01,0.000000000000000000e+00
-1.578640488110021556e+00,-2.775886813424612298e-01,0.000000000000000000e+00
-1.318837839798800982e+00,-4.964141922806624141e-01,0.000000000000000000e+00
-1.238987816275156639e+00,-4.009853408636750438e-01,0.000000000000000000e+00
-1.330382613646908130e+00,-9.428191924826635484e-01,0.000000000000000000e+00
-1.641287174085791944e+00,-4.929884764773397876e-01,0.000000000000000000e+00
-1.257979575818238827e+00,-5.667498178665456576e-01,0.000000000000000000e+00
-1.107298907660834164e+00,-5.264477890959423645e-01,0.000000000000000000e+00
-1.275488186615117758e+00,-8.547452919458151666e-01,0.000000000000000000e+00
-1.271975205568462775e+00,-3.788653792225565864e-01,0.000000000000000000e+00
-1.365435139234780548e+00,-8.744669384494496711e-01,0.000000000000000000e+00
-7.806755634205991834e-01,-1.428282882357340133e-01,0.000000000000000000e+00
-9.509718415715642248e-01,-6.039151203455506156e-01,0.000000000000000000e+00
-1.248821346652223996e+00,-6.451131918780490526e-01,0.000000000000000000e+00
-1.222926634814225366e+00,-3.177988045069447542e-01,0.000000000000000000e+00
-1.042012476107627261e+00,-7.658311592309420268e-01,0.000000000000000000e+00
-1.408173377427861084e+00,-6.079065894545856441e-01,0.000000000000000000e+00
-9.074136280966152990e-01,-4.646481649332026009e-01,0.000000000000000000e+00
-1.170009626980450079e+00,-6.905490171742576511e-01,0.000000000000000000e+00
-1.642657888271166877e+00,-1.290245738204824244e+00,0.000000000000000000e+00
-1.394118214113988063e+00,-1.261170506288660231e+00,0.000000000000000000e+00
-1.173690409745947960e+00,-1.251833144911220108e+00,0.000000000000000000e+00
-1.156571949087657369e+00,-1.179501051724617167e+00,0.000000000000000000e+00
-2.007182006997827894e+00,-1.054798478046654608e+00,0.000000000000000000e+00
-1.922298152062200671e+00,-1.109775932444725832e+00,0.000000000000000000e+00
-1.961170190376344324e+00,-1.243304868920303896e+00,0.000000000000000000e+00
-1.582806975599492239e+00,-1.236642434101717924e+00,0.000000000000000000e+00
-1.447010609058068553e+00,-1.255502178059229923e+00,0.000000000000000000e+00
-1.794999607329828439e+00,-1.320223507104177241e+00,0.000000000000000000e+00
-1.364358497116866742e+00,-1.303649724579564406e+00,0.000000000000000000e+00
-1.341733024472204772e+00,-1.465319380561431295e+00,0.000000000000000000e+00
-9.407701030039292700e-01,-9.760760686494314164e-01,0.000000000000000000e+00
-1.566327603560053072e+00,-1.145793350628410590e+00,0.000000000000000000e+00
-1.681969205400783096e+00,-1.174059966492021490e+00,0.000000000000000000e+00
-9.936726937856348307e-01,-1.142519062628235993e+00,0.000000000000000000e+00
-1.443874682870770032e+00,-1.342926267365498472e+00,0.000000000000000000e+00
-1.591810090083337403e+00,-9.801920745153042125e-01,0.000000000000000000e+00
-1.413257312264954102e+00,-1.228518841848547094e+00,0.000000000000000000e+00
-1.354057559026770274e+00,-1.225038885541620104e+00,0.000000000000000000e+00
-1.833741434427817563e+00,-7.025314165831334501e-01,0.000000000000000000e+00
-1.365655065780433830e+00,-9.362851181695849290e-01,0.000000000000000000e+00
-1.437420825741989594e+00,-9.043366656653224478e-01,0.000000000000000000e+00
-1.678657823929121218e+00,-1.292561622033556512e+00,0.000000000000000000e+00
-1.677266594511148678e+00,-1.145754988656974449e+00,0.000000000000000000e+00
-1.589220214013041810e+00,-6.260037633362219855e-01,0.000000000000000000e+00
-1.586374591471875206e+00,-1.052996243810632393e+00,0.000000000000000000e+00
-1.303542283882962227e+00,-1.012833150748012612e+00,0.000000000000000000e+00
-2.019746559856865797e+00,-1.421079406377545151e+00,0.000000000000000000e+00
-1.410858887133476847e+00,-9.584664959664548345e-01,0.000000000000000000e+00
-8.013122098086324918e-01,-9.728675689625967404e-01,0.000000000000000000e+00
-1.377423193488132247e+00,-1.079526259951753886e+00,0.000000000000000000e+00
-1.945095300549435580e+00,-8.696005796432100254e-01,0.000000000000000000e+00
-1.080929025826832035e+00,-9.630675532315312593e-01,0.000000000000000000e+00
-1.197300859073907597e+00,-1.265306586937339661e+00,0.000000000000000000e+00
-1.390264836515352487e+00,-1.125589082841558453e+00,0.000000000000000000e+00
-1.338869009501737706e+00,-1.280415366715441650e+00,0.000000000000000000e+00
-1.462208876040792527e+00,-1.524330423697996428e+00,0.000000000000000000e+00
-1.772343443246771955e+00,-1.610406990931822602e+00,0.000000000000000000e+00
-1.172321806971353464e+00,-1.274808567639942325e+00,0.000000000000000000e+00
-1.028879856271503579e+00,-1.486658503409931775e+00,0.000000000000000000e+00
-1.471978744268723771e+00,-1.010712676446572367e+00,0.000000000000000000e+00
-1.604231815183271515e+00,-1.300621490167013228e+00,0.000000000000000000e+00
-1.766696285119086163e+00,-1.578534866162184525e+00,0.000000000000000000e+00
-1.318245969519646899e+00,-8.892018065274138738e-01,0.000000000000000000e+00
-1.497630186706600197e+00,-4.010807847231524503e-01,0.000000000000000000e+00
-1.298249496506819423e+00,-8.689276086053496773e-01,0.000000000000000000e+00
-1.592564605609462669e+00,-1.736034901647650064e-01,0.000000000000000000e+00
-1.721302871835794557e+00,-5.861863884020949156e-01,0.000000000000000000e+00
-1.310983139098413908e+00,-4.305369586503904888e-01,0.000000000000000000e+00
-1.326883767077170484e+00,-1.101587207006148317e-01,0.000000000000000000e+00
-1.167302299721936665e+00,-4.974936710163841425e-01,0.000000000000000000e+00
-1.130322746455819205e+00,-1.119471466975239249e+00,0.000000000000000000e+00
-1.095705547163881910e+00,-6.497980668871348175e-01,0.000000000000000000e+00
-1.138032174607464198e+00,-4.725948156682368562e-01,0.000000000000000000e+00
-1.402151481631294550e+00,-5.212606445558559676e-02,0.000000000000000000e+00
-1.094987489649322132e+00,-2.953218313564170971e-01,0.000000000000000000e+00
-1.517678439878040075e+00,-3.476449053375196829e-01,0.000000000000000000e+00
-1.118977001354445555e+00,-2.974507146255800927e-01,0.000000000000000000e+00
-1.370521753587081282e+00,-4.109173769761779726e-01,0.000000000000000000e+00
-1.171779039560421731e+00,-5.853654749793564260e-01,0.000000000000000000e+00
-1.236370109926629990e+00,-2.975009985402940482e-01,0.000000000000000000e+00
-1.305833128994604353e+00,-4.479562683080194896e-01,0.000000000000000000e+00
-1.212140392730382876e+00,-7.249726285498427902e-01,0.000000000000000000e+00
-1.490253011727314281e+00,-2.844500898428760083e-01,0.000000000000000000e+00
-1.096823779887916128e+00,-3.643180973126777245e-01,0.000000000000000000e+00
-1.313530226174434601e+00,-4.729329958113994703e-01,0.000000000000000000e+00
-1.185439579958125211e+00,-1.893515324217472373e-01,0.000000000000000000e+00
-1.204175295013930391e+00,-3.861274140805339150e-01,0.000000000000000000e+00
-1.395009756212230112e+00,-2.225435458883502360e-01,0.000000000000000000e+00
-1.138505969047385769e+00,-5.864310035810647026e-01,0.000000000000000000e+00
-1.307445470936794862e+00,-4.911012213768259360e-01,0.000000000000000000e+00
-1.127666847826566121e+00,-2.839537159726462923e-01,0.000000000000000000e+00
-1.092556870699501026e+00,-1.210037143719127073e+00,0.000000000000000000e+00
-1.574223673485670494e+00,-3.541555989223883483e-01,0.000000000000000000e+00
-1.253954259564368678e+00,-4.843971722314110995e-01,0.000000000000000000e+00
-1.452584834928509760e+00,-6.589011616144675454e-01,0.000000000000000000e+00
-1.109373713873655465e+00,-6.652047571140736748e-01,0.000000000000000000e+00
-1.319091969328852088e+00,-9.305672420604016448e-01,0.000000000000000000e+00
-1.434561092525533876e+00,-6.928637708858635946e-01,0.000000000000000000e+00
-1.391992822748330694e+00,-5.658112368602660203e-01,0.000000000000000000e+00
-1.457378962350300622e+00,2.062256971337517175e-02,0.000000000000000000e+00
-1.678633637652050536e+00,-7.828923000888416972e-01,0.000000000000000000e+00
-1.358836289167294487e+00,-5.639405732556407314e-01,0.000000000000000000e+00
-1.305429874839834747e+00,-3.758574428050585614e-01,0.000000000000000000e+00
-1.388177392595365323e+00,-7.722244390863904906e-01,0.000000000000000000e+00
-7.176275780729778342e-01,-3.120936269884334036e-01,0.000000000000000000e+00
-1.501899814535619493e+00,-5.625915815827402522e-01,0.000000000000000000e+00
-1.281782259555418912e+00,9.853087231122981127e-02,0.000000000000000000e+00
-1.107919332234405196e+00,-3.334582416969300578e-02,0.000000000000000000e+00
-7.111509618533676802e-01,-5.676818812403852110e-01,0.000000000000000000e+00
-9.073815664793023483e-01,-1.206264083523992170e+00,0.000000000000000000e+00
-1.252858249053394601e+00,-1.030886665946158631e+00,0.000000000000000000e+00
-9.353405523067808147e-01,-7.970536428091118397e-01,0.000000000000000000e+00
-1.270938380620788344e+00,-1.210880918673508999e+00,0.000000000000000000e+00
-9.191412290819978015e-01,-9.204717194463077901e-01,0.000000000000000000e+00
-7.464486417800422213e-01,-1.426305906650527255e+00,0.000000000000000000e+00
-7.947242553970440548e-01,-8.286051458085198496e-01,0.000000000000000000e+00
-2.605549137047333819e-01,-1.040813119272653742e+00,0.000000000000000000e+00
-6.770954017301200611e-01,-8.830911950911277675e-01,0.000000000000000000e+00
-1.090610040226809518e+00,-9.805995534963605209e-01,0.000000000000000000e+00
-1.196364154428418924e+00,-1.100217146370879417e+00,0.000000000000000000e+00
-6.957746609536459292e-01,-6.383247995947670672e-01,0.000000000000000000e+00
-1.288971676692915125e+00,-1.342243661856431736e+00,0.000000000000000000e+00
-1.170187580094768087e+00,-1.194348112828280017e+00,0.000000000000000000e+00
-1.209874288970755662e+00,-1.205023939579566772e+00,0.000000000000000000e+00
-6.591346114984421023e-01,-1.031325556868310400e+00,0.000000000000000000e+00
-8.085233679367905824e-01,-1.090503950673742395e+00,0.000000000000000000e+00
-9.761941347645665124e-01,-1.295340149937673546e+00,0.000000000000000000e+00
-6.828673850692587033e-01,-1.367599484374210084e+00,0.000000000000000000e+00
-8.821697971531357041e-01,-8.405493404593871176e-01,0.000000000000000000e+00
-6.028306157898695172e-01,-1.139888945141938503e+00,0.000000000000000000e+00
-7.621872242338536552e-01,-9.472918769591048838e-01,0.000000000000000000e+00
-1.088112520282845441e+00,-1.235221645520224509e+00,0.000000000000000000e+00
-1.295755695126364682e+00,-1.124683572256806263e+00,0.000000000000000000e+00
-1.067799268492763742e+00,-9.485672912995031236e-01,0.000000000000000000e+00
-1.304311342249929506e+00,-1.289096795103364501e+00,0.000000000000000000e+00
-4.420586324236338571e-01,-8.986287105646498796e-01,0.000000000000000000e+00
-5.048457152784305846e-01,-9.525027857029598755e-01,0.000000000000000000e+00
-5.180258865745419605e-01,-8.393740549729277189e-01,0.000000000000000000e+00
-1.032533856515573500e+00,-8.046840541449862272e-01,0.000000000000000000e+00
-9.820569506889060829e-01,-1.153483915901955204e+00,0.000000000000000000e+00
-7.662232473900786323e-01,-1.447693979787758600e+00,0.000000000000000000e+00
-1.510461958386169590e+00,-1.225285125947265463e+00,0.000000000000000000e+00
-9.490475110023157690e-01,-1.097418946345512625e+00,0.000000000000000000e+00
-1.035210847851544713e+00,-1.009079644677939536e+00,0.000000000000000000e+00
-1.054108533078034649e+00,-1.160877075077608289e+00,0.000000000000000000e+00
-1.389062507696638527e+00,-1.103492343069085280e+00,0.000000000000000000e+00
-5.294295267867261678e-01,-1.332057336909991507e+00,0.000000000000000000e+00
-8.474700636961578493e-01,-9.197279320905218380e-01,0.000000000000000000e+00
-1.077417949643336037e+00,-1.000646039324873726e+00,0.000000000000000000e+00
-8.042502082990613532e-01,-1.216756953160457844e+00,0.000000000000000000e+00
-3.945774979427660867e-01,-7.264974388799161353e-01,0.000000000000000000e+00
-8.446746037635460835e-01,-1.285042784291156925e+00,0.000000000000000000e+00
-1.255558044337657719e+00,-8.558226202588511411e-01,0.000000000000000000e+00
2.733029182287085579e-01,-1.074056134268962959e+00,0.000000000000000000e+00
1.560911910371896860e-01,-1.465281486626109242e+00,0.000000000000000000e+00
6.362762625154866347e-01,-1.581719999383474518e+00,0.000000000000000000e+00
3.148828984606714121e-01,-1.785241902554081328e+00,0.000000000000000000e+00
3.182035277421934594e-01,-1.269838965102459971e+00,0.000000000000000000e+00
4.507263721545257118e-01,-7.830910048599655227e-01,0.000000000000000000e+00
1.518821176398037764e-01,-1.044687446497915229e+00,0.000000000000000000e+00
1.465209884463162526e-01,-1.426627436033492735e+00,0.000000000000000000e+00
-2.049427454989919961e-01,-1.574678215485179722e+00,0.000000000000000000e+00
-2.702844384398581101e-02,-1.073877014248332706e+00,0.000000000000000000e+00
2.614175952939636893e-01,-1.259528075752942344e+00,0.000000000000000000e+00
1.330929683351634030e-01,-1.046048813894097984e+00,0.000000000000000000e+00
1.543789377001812957e-01,-1.242120196229859141e+00,0.000000000000000000e+00
7.987297451341032750e-02,-1.067746144997973934e+00,0.000000000000000000e+00
5.714043000009916273e-01,-1.368549968545176521e+00,0.000000000000000000e+00
2.152315737763495218e-01,-1.242968723585982760e+00,0.000000000000000000e+00
7.426398913549661085e-01,-1.140162733168904818e+00,0.000000000000000000e+00
3.671348627127545283e-01,-1.351302679415067320e+00,0.000000000000000000e+00
-1.658000849827698242e-02,-8.031379711712525182e-01,0.000000000000000000e+00
2.460795852266408068e-01,-1.174144199652795040e+00,0.000000000000000000e+00
-3.454150125528294701e-01,-1.407702916043506169e+00,0.000000000000000000e+00
3.909283244370808097e-01,-9.438234155286538973e-01,0.000000000000000000e+00
-8.326085258709869930e-03,-1.367557448590225544e+00,0.000000000000000000e+00
2.667588730851833123e-02,-1.347801570277719518e+00,0.000000000000000000e+00
3.812015303499286523e-01,-1.092890781376834930e+00,0.000000000000000000e+00
-2.766541708306566316e-02,-1.303137643568125670e+00,0.000000000000000000e+00
2.511069246678680478e-01,-1.136244001152291849e+00,0.000000000000000000e+00
2.768061267987864671e-02,-1.446091788794171329e+00,0.000000000000000000e+00
2.341020361969641805e-01,-1.170712763594450534e+00,0.000000000000000000e+00
2.896532414424157764e-01,-1.017118768499575276e+00,0.000000000000000000e+00
2.562098980460660869e-01,-1.258612473020837230e+00,0.000000000000000000e+00
3.834674389328306954e-01,-9.026996572724845791e-01,0.000000000000000000e+00
4.072880943263660347e-01,-1.211827462684107459e+00,0.000000000000000000e+00
-1.947429229777013493e-01,-1.583573561982534628e+00,0.000000000000000000e+00
2.229751096982484637e-01,-1.073149530313135536e+00,0.000000000000000000e+00
1.637299833655727621e-01,-1.062277264626661832e+00,0.000000000000000000e+00
1.522495507008850835e-01,-1.252127307471180950e+00,0.000000000000000000e+00
-5.573319291000056186e-02,-1.053922486178065387e+00,0.000000000000000000e+00
2.073715607326422905e-01,-7.710617298121826835e-01,0.000000000000000000e+00
4.191299544219723172e-02,-5.432560701722550789e-01,0.000000000000000000e+00
-1.394279204580460285e-01,-1.158555628065397247e+00,0.000000000000000000e+00
3.444604295226625368e-01,-1.243571961912794066e+00,0.000000000000000000e+00
3.302416259606065219e-01,-1.576831858086417792e+00,0.000000000000000000e+00
2.548769396228854900e-01,-1.027596340448894141e+00,0.000000000000000000e+00
3.094738262638119797e-01,-1.085648082979653095e+00,0.000000000000000000e+00
4.578808129389155823e-01,-1.076868936175279678e+00,0.000000000000000000e+00
8.039721824255519067e-01,-1.023327134797072491e+00,0.000000000000000000e+00
5.804621778085996553e-01,-1.212585891406077421e+00,0.000000000000000000e+00
9.569220088105363509e-01,-1.480813669403114874e+00,0.000000000000000000e+00
8.126325410107348990e-01,-1.500991529226105792e+00,0.000000000000000000e+00
7.438687018421874519e-01,-1.138385224172922205e+00,0.000000000000000000e+00
5.854174634193758386e-01,-9.719846400201581638e-01,0.000000000000000000e+00
1.140962104569658520e+00,-1.545301887130092533e+00,0.000000000000000000e+00
9.698656045405638082e-01,-1.738892060289625840e+00,0.000000000000000000e+00
5.688770975533304908e-01,-1.385403175386884733e+00,0.000000000000000000e+00
8.303444706185815205e-01,-1.318703635673931007e+00,0.000000000000000000e+00
1.101608650109592968e+00,-1.070409265581537372e+00,0.000000000000000000e+00
9.068299879285907084e-01,-3.162603796925731459e-01,0.000000000000000000e+00
1.151743494446288985e+00,-1.320990155924235410e+00,0.000000000000000000e+00
1.010525725692895227e+00,-1.592093351647960731e+00,0.000000000000000000e+00
9.690837683618133136e-01,-1.078505160976308774e+00,0.000000000000000000e+00
5.940534294105040969e-01,-1.159482518211304214e+00,0.000000000000000000e+00
9.553380133486091275e-01,-1.138946940740392932e+00,0.000000000000000000e+00
8.698205804886878223e-01,-1.343735087160500941e+00,0.000000000000000000e+00
3.608366955325165160e-01,-1.126236114392405119e+00,0.000000000000000000e+00
1.002142259049951578e+00,-1.467876234401048308e+00,0.000000000000000000e+00
5.638548441387939425e-01,-9.322854621986627066e-01,0.000000000000000000e+00
9.673770427056769261e-01,-1.039169802869091219e+00,0.000000000000000000e+00
1.123426923160599333e+00,-1.586182116181090507e+00,0.000000000000000000e+00
6.142473191241674124e-01,-1.595250280028351231e+00,0.000000000000000000e+00
3.742690077531767301e-01,-1.067374238409801723e+00,0.000000000000000000e+00
1.572850039115240239e+00,-1.122119466643958674e+00,0.000000000000000000e+00
6.719001088733598248e-01,-1.616543957358913985e+00,0.000000000000000000e+00
7.086923056736301740e-01,-1.208881685372869219e+00,0.000000000000000000e+00
8.007812249706034446e-01,-1.848729186571373084e+00,0.000000000000000000e+00
9.435546900119109459e-01,-1.168760561326134040e+00,0.000000000000000000e+00
9.461448038427965335e-01,-1.108296776001460815e+00,0.000000000000000000e+00
5.547164912952982085e-01,-1.152944306866803270e+00,0.000000000000000000e+00
1.084329593767925592e+00,-1.223494825721795243e+00,0.000000000000000000e+00
6.282940364717384263e-01,-1.493122103650380339e+00,0.000000000000000000e+00
8.455726955531409628e-01,-1.232460042025565139e+00,0.000000000000000000e+00
1.040226169691605751e+00,-1.183924754254624512e+00,0.000000000000000000e+00
9.000706121822885653e-01,-1.442862942128782411e+00,0.000000000000000000e+00
8.589797129345511095e-01,-1.434994728607660530e+00,0.000000000000000000e+00
7.348820472857142683e-01,-1.032873254210998848e+00,0.000000000000000000e+00
4.995431101578223787e-01,-1.229822913926406969e+00,0.000000000000000000e+00
6.886883038697158010e-01,-1.176318996505777648e+00,0.000000000000000000e+00
8.698834866118817510e-01,-1.136549188609744299e+00,0.000000000000000000e+00
8.708906738683636073e-01,-1.278852129837596552e+00,0.000000000000000000e+00
1.073478811202810856e+00,-1.442813164987946095e+00,0.000000000000000000e+00
1.218978423569653247e+00,6.418708872107413699e-01,1.000000000000000000e+00
1.266424214100286827e+00,3.397590203095587902e-01,1.000000000000000000e+00
1.168481645387500878e+00,-6.415704360118401617e-03,1.000000000000000000e+00
1.440988581426601911e+00,8.498440112163003768e-01,1.000000000000000000e+00
1.124095926476635920e+00,3.865528386420386542e-01,1.000000000000000000e+00
1.658520972936656790e+00,3.999981210759020467e-01,1.000000000000000000e+00
1.250672696905044790e+00,4.145644084364441539e-01,1.000000000000000000e+00
9.455092012312119598e-01,7.370912896206455178e-01,1.000000000000000000e+00
1.240351302312250992e+00,9.165431664862511152e-02,1.000000000000000000e+00
8.707519021506722190e-01,6.740528241637162576e-01,1.000000000000000000e+00
1.122313207376102406e+00,5.153868072951874879e-01,1.000000000000000000e+00
1.577078738384660950e+00,2.349355075390978653e-01,1.000000000000000000e+00
1.043225593543136043e+00,1.027125324945084905e+00,1.000000000000000000e+00
1.455740493548515646e+00,8.256994886455201188e-01,1.000000000000000000e+00
1.600926416268967145e+00,4.423282593303176080e-01,1.000000000000000000e+00
1.144981491698484621e+00,6.137620509449749351e-01,1.000000000000000000e+00
1.436779351497752710e+00,6.605526647880880509e-01,1.000000000000000000e+00
1.469123757031046695e+00,5.361748088939346513e-01,1.000000000000000000e+00
1.725900848352709405e+00,6.376319350481216564e-01,1.000000000000000000e+00
1.018074714681876936e+00,9.835218623327802723e-01,1.000000000000000000e+00
1.420849060911894890e+00,2.749444013028594647e-01,1.000000000000000000e+00
1.298216578532421783e+00,1.135182083021847532e+00,1.000000000000000000e+00
1.569166737159160441e+00,7.736163070731217895e-01,1.000000000000000000e+00
1.160758241107183508e+00,4.827453141276715209e-01,1.000000000000000000e+00
1.107200071774794736e+00,7.930212937921898853e-01,1.000000000000000000e+00
1.251079884569671341e+00,4.663375041166118451e-01,1.000000000000000000e+00
1.119400362689248363e+00,5.884630943220126031e-01,1.000000000000000000e+00
1.010422295738819365e+00,6.457405182466675608e-01,1.000000000000000000e+00
1.142844953586976908e+00,9.581721054709224639e-03,1.000000000000000000e+00
1.367373819471926044e+00,7.087454912726931511e-01,1.000000000000000000e+00
1.037326096191368840e+00,6.408714152774465100e-01,1.000000000000000000e+00
1.224054909454351137e+00,8.405838140639967371e-01,1.000000000000000000e+00
1.353192522372930640e+00,6.064209062622619717e-01,1.000000000000000000e+00
1.142934660810733138e+00,5.057747055614427723e-01,1.000000000000000000e+00
1.864134275232188109e+00,1.909497891159859795e-01,1.000000000000000000e+00
1.567255214473007863e+00,1.005684631868390078e+00,1.000000000000000000e+00
1.433859912527406966e+00,7.071630151381798068e-01,1.000000000000000000e+00
1.231020172789039746e+00,5.232031119209323844e-01,1.000000000000000000e+00
1.152377204244830589e+00,6.019453859631388459e-01,1.000000000000000000e+00
1.345958315066115851e+00,7.226252304874750676e-01,1.000000000000000000e+00
1.335409914386411545e+00,6.824985562789721572e-01,1.000000000000000000e+00
7.144103317668820674e-01,6.567234750299957291e-01,1.000000000000000000e+00
1.431718130579166859e+00,7.397588115322768498e-01,1.000000000000000000e+00
1.101654179084430751e+00,2.966999788100386226e-01,1.000000000000000000e+00
1.164331481218838560e+00,2.652411248034328151e-01,1.000000000000000000e+00
1.024809017865977889e+00,4.563329800214310228e-01,1.000000000000000000e+00
1.091950344428171293e+00,4.816060312331461590e-01,1.000000000000000000e+00
7.154129040397760875e-01,6.725797585636091869e-01,1.000000000000000000e+00
1.069267085597275679e+00,7.179712331192358299e-01,1.000000000000000000e+00
7.886122327291569256e-01,4.868370557075614724e-01,1.000000000000000000e+00
9.943623740047108361e-01,7.273990748286921493e-01,1.000000000000000000e+00
8.131633088645613405e-01,8.481464486963249394e-01,1.000000000000000000e+00
6.673109447263880778e-01,3.576747436939932134e-01,1.000000000000000000e+00
1.148786468038728525e+00,7.291989532268537966e-01,1.000000000000000000e+00
1.347983582859229923e+00,3.922432004138262096e-01,1.000000000000000000e+00
9.193356023488900020e-01,3.521500417296640206e-01,1.000000000000000000e+00
1.039864689415961774e+00,5.863097874673006693e-01,1.000000000000000000e+00
1.305479252023884040e+00,1.340650054371184674e-01,1.000000000000000000e+00
9.302086137641820685e-01,3.622144776185197701e-01,1.000000000000000000e+00
9.693614532136922701e-01,6.864742683727909078e-01,1.000000000000000000e+00
9.599210974777682148e-01,6.374239429471012519e-01,1.000000000000000000e+00
7.030595306989109172e-01,5.541779087830228656e-01,1.000000000000000000e+00
1.585507551897048284e+00,4.638226883167834158e-01,1.000000000000000000e+00
8.088953899882360687e-01,5.560425176092669286e-01,1.000000000000000000e+00
7.549200143329484192e-01,1.026010256487802641e-01,1.000000000000000000e+00
5.068618790431254073e-01,3.996309688419577011e-01,1.000000000000000000e+00
6.432353442656104647e-01,1.779003188910279754e-01,1.000000000000000000e+00
7.914756736983893370e-01,5.837654595763561716e-01,1.000000000000000000e+00
8.416530296028682523e-01,2.272992436454785437e-01,1.000000000000000000e+00
6.157173837575480313e-01,6.696883470198580213e-01,1.000000000000000000e+00
9.509340974667889190e-01,5.577116271667856839e-01,1.000000000000000000e+00
1.796119614549503307e+00,2.755018806941850196e-01,1.000000000000000000e+00
7.946692143398568220e-01,1.298910018333526706e-01,1.000000000000000000e+00
1.045817755834120177e+00,5.667604140820547975e-01,1.000000000000000000e+00
5.374834892158519839e-01,7.012821263289137352e-01,1.000000000000000000e+00
1.193659582268308483e+00,8.072332219372124751e-01,1.000000000000000000e+00
9.860464541245986814e-01,7.476941829282217622e-01,1.000000000000000000e+00
8.129977137812531840e-01,2.056187803749235932e-01,1.000000000000000000e+00
7.831034235258604870e-01,6.598819304782420625e-01,1.000000000000000000e+00
7.697153929840934161e-01,8.724590522373816270e-01,1.000000000000000000e+00
1.162947895088299877e+00,6.934534536135361638e-01,1.000000000000000000e+00
3.024641936432937994e-01,6.075914146619696421e-01,1.000000000000000000e+00
1.331383312772735916e+00,5.760961684430505603e-01,1.000000000000000000e+00
1.072713903938766311e+00,8.963158123251855347e-01,1.000000000000000000e+00
6.823207862119715639e-01,1.055909859262782469e-02,1.000000000000000000e+00
9.773964625755937607e-01,4.794873483599598751e-01,1.000000000000000000e+00
1.519389632960195247e+00,4.462470411704620443e-01,1.000000000000000000e+00
8.587743909990696034e-01,7.284561639676975231e-01,1.000000000000000000e+00
1.606195911357823025e+00,1.116619913046376755e+00,1.000000000000000000e+00
7.862883757425334075e-01,4.018543021943078997e-01,1.000000000000000000e+00
1.130922387353664460e+00,8.938928316102794369e-01,1.000000000000000000e+00
7.709116056307119269e-01,1.126875423754547967e+00,1.000000000000000000e+00
1.168848554197096545e+00,1.081684692646806223e+00,1.000000000000000000e+00
9.289308320142989350e-01,7.658523763242691684e-01,1.000000000000000000e+00
1.284857552500014322e+00,9.366549487634294735e-01,1.000000000000000000e+00
1.169159850317100569e+00,8.542820433865088159e-01,1.000000000000000000e+00
9.251693658019572997e-01,8.522918230568938824e-01,1.000000000000000000e+00
1.204308543287196498e+00,6.561438805773076588e-01,1.000000000000000000e+00
1.114121573324010406e+00,4.304734822589600940e-01,1.000000000000000000e+00
1.138912479089833507e+00,8.178961626808614049e-01,1.000000000000000000e+00
9.775447575632609798e-01,1.018190491617928517e+00,1.000000000000000000e+00
8.479002492036160632e-01,7.573460406682317458e-01,1.000000000000000000e+00
1.243844572151811212e+00,4.524275783684580943e-01,1.000000000000000000e+00
9.237726711289001580e-01,8.311697945571302482e-01,1.000000000000000000e+00
1.128970283070244163e+00,1.139468992407321135e+00,1.000000000000000000e+00
9.249113049067466674e-01,8.186280819455977742e-01,1.000000000000000000e+00
1.173200084756270023e+00,7.811839012149901507e-01,1.000000000000000000e+00
9.175978348632057857e-01,9.314968622913706309e-01,1.000000000000000000e+00
1.103857194788334883e+00,6.663490161421290470e-01,1.000000000000000000e+00
1.358126290479830356e+00,1.037337053763609074e+00,1.000000000000000000e+00
1.096538219700663230e+00,8.122216133193832510e-01,1.000000000000000000e+00
9.801927291477359194e-01,8.076306912752830858e-01,1.000000000000000000e+00
1.115049459428017808e+00,8.157972827716064579e-01,1.000000000000000000e+00
5.356090303576062084e-01,7.932652254193393038e-01,1.000000000000000000e+00
1.146109673379384741e+00,1.075184964439383384e+00,1.000000000000000000e+00
1.417006190267447785e+00,1.022190640305074449e+00,1.000000000000000000e+00
9.503978353192589212e-01,7.525414580608744686e-01,1.000000000000000000e+00
9.418547449898099222e-01,5.363195464506027577e-01,1.000000000000000000e+00
5.101903644056459131e-01,8.139740064662824848e-01,1.000000000000000000e+00
1.178315755394625075e+00,7.879741018308995537e-01,1.000000000000000000e+00
1.131259812267745302e+00,7.233086615098257566e-01,1.000000000000000000e+00
8.303822998988450443e-01,8.152373940707350330e-01,1.000000000000000000e+00
7.125305282695162390e-01,8.677186470788982309e-01,1.000000000000000000e+00
9.870960808698001632e-01,8.858063673354984457e-01,1.000000000000000000e+00
1.318239162481848803e+00,6.541285030425026958e-01,1.000000000000000000e+00
1.036670136994205960e+00,6.783807228899667585e-01,1.000000000000000000e+00
1.244166578533870027e+00,8.097914003221887702e-01,1.000000000000000000e+00
7.261697613340132307e-01,1.133214613561520867e+00,1.000000000000000000e+00
1.327514772447058844e+00,6.903526372964615687e-01,1.000000000000000000e+00
9.790737825452686671e-01,7.504813301957626859e-01,1.000000000000000000e+00
1.600962214997512234e+00,1.090737839202377213e+00,1.000000000000000000e+00
9.474265383477324942e-01,1.190668661996450606e+00,1.000000000000000000e+00
8.782641182892205745e-01,1.195222016774824203e+00,1.000000000000000000e+00
6.816899172494035319e-01,8.441362584204196162e-01,1.000000000000000000e+00
1.090695570927787905e+00,7.623447294381586747e-01,1.000000000000000000e+00
1.611176647494381609e+00,2.488562250268057663e-01,1.000000000000000000e+00
1.114805225270976585e+00,2.620797438210975550e-03,1.000000000000000000e+00
1.519575336989677394e+00,2.259100402064417867e-01,1.000000000000000000e+00
1.251403749708010826e+00,6.148508612500425130e-01,1.000000000000000000e+00
1.267776189395790842e+00,3.775353937771959156e-01,1.000000000000000000e+00
9.566134130297156979e-01,1.082851805383732824e+00,1.000000000000000000e+00
1.499157454483221352e+00,7.810421539231862109e-01,1.000000000000000000e+00
1.398412639909330624e+00,1.378736796529957398e-01,1.000000000000000000e+00
1.170062598921430386e+00,9.703523388802969274e-01,1.000000000000000000e+00
1.444734135965607180e+00,6.754322152737775031e-01,1.000000000000000000e+00
1.427850771054506751e+00,7.647636056392403958e-03,1.000000000000000000e+00
1.665898594531422638e+00,3.650440922044513870e-01,1.000000000000000000e+00
1.311412127316858633e+00,1.060643400445518303e+00,1.000000000000000000e+00
1.574368372664565419e+00,7.683385779316298514e-02,1.000000000000000000e+00
1.102977887658035838e+00,8.332904264274015871e-01,1.000000000000000000e+00
1.814129574220826102e+00,4.389483703683145777e-01,1.000000000000000000e+00
1.202421480070837490e+00,5.451979878385850853e-01,1.000000000000000000e+00
1.642445761340372012e+00,3.101933103179844164e-01,1.000000000000000000e+00
1.382153224569502070e+00,5.799233164454969947e-01,1.000000000000000000e+00
1.340677208578792357e+00,9.308486768968389224e-01,1.000000000000000000e+00
9.404272305329663961e-01,5.358876626396779086e-01,1.000000000000000000e+00
1.557532695659516797e+00,6.367170914342958898e-01,1.000000000000000000e+00
1.101561138206034407e+00,8.403045123733858812e-01,1.000000000000000000e+00
1.228029145761048158e+00,5.261218337974512549e-01,1.000000000000000000e+00
1.307377450332103841e+00,1.611218087334432836e-01,1.000000000000000000e+00
1.286502859295670209e+00,1.880406390735312461e-01,1.000000000000000000e+00
1.349353481554026901e+00,5.675489064597822875e-01,1.000000000000000000e+00
1.058276111541647024e+00,3.194739856298446368e-01,1.000000000000000000e+00
1.372810254871879465e+00,9.745037089932021557e-01,1.000000000000000000e+00
1.144499402718463177e+00,6.195815938879426499e-01,1.000000000000000000e+00
1.191551481293111614e+00,6.093616283890419538e-01,1.000000000000000000e+00
1.373799484190998621e+00,8.361705335605762457e-02,1.000000000000000000e+00
1.461941164761124234e+00,9.763935218182901998e-01,1.000000000000000000e+00
1.058457124240791414e+00,3.201145085101769761e-01,1.000000000000000000e+00
6.845034858152583279e-01,7.463046633318585199e-01,1.000000000000000000e+00
1.226123009406147268e+00,-1.864516836506235897e-03,1.000000000000000000e+00
1.298102743019621030e+00,8.461952978316875651e-01,1.000000000000000000e+00
1.192791396148902505e+00,4.424305847428362526e-01,1.000000000000000000e+00
1.570338226456025055e+00,6.059560117663951306e-01,1.000000000000000000e+00
1.010612739038307950e+00,6.585320921955910567e-01,1.000000000000000000e+00
9.894345098834333996e-01,4.346138503367857897e-01,1.000000000000000000e+00
1.307361738864280643e+00,3.425757053145681574e-01,1.000000000000000000e+00
1.257451409803433950e+00,4.746924676193478021e-01,1.000000000000000000e+00
1.550139715713474420e+00,3.567059818556977957e-01,1.000000000000000000e+00
8.793986131171589449e-01,3.779624188407860186e-01,1.000000000000000000e+00
1.218405063512946862e+00,1.034856319709692718e+00,1.000000000000000000e+00
9.284301045452334478e-01,7.607871410795813416e-01,1.000000000000000000e+00
9.821583985206923106e-01,1.336895585225798211e+00,1.000000000000000000e+00
1.617159322682165445e+00,8.892936050432790340e-01,1.000000000000000000e+00
1.223985244477154843e+00,6.007949574571979090e-01,1.000000000000000000e+00
6.508345694859583030e-01,9.680600820469525969e-01,1.000000000000000000e+00
1.141530457564332135e+00,3.163411497751077439e-01,1.000000000000000000e+00
1.493969493058300513e+00,5.993565946033472258e-01,1.000000000000000000e+00
1.187775766013858147e+00,6.798809299549229967e-01,1.000000000000000000e+00
9.071279178409090704e-01,7.904879841813764463e-01,1.000000000000000000e+00
9.826141592373740519e-01,5.632096587019985723e-01,1.000000000000000000e+00
1.683065612361915209e+00,7.823711911460701218e-01,1.000000000000000000e+00
1.010311912588999661e+00,6.935140544974148780e-01,1.000000000000000000e+00
1.030521804909389383e+00,7.447385728830512308e-01,1.000000000000000000e+00
7.990758342597599206e-01,8.134675308477891109e-01,1.000000000000000000e+00
7.904151754137819230e-01,8.070876364048525931e-01,1.000000000000000000e+00
9.669784505546986653e-01,7.383216723897054745e-01,1.000000000000000000e+00
5.987728286673292821e-01,9.387207304376411487e-01,1.000000000000000000e+00
1.416622205240789079e+00,6.121959072256486500e-01,1.000000000000000000e+00
1.404522627101985721e+00,6.524097068659515664e-01,1.000000000000000000e+00
1.207322865885210650e+00,5.184346059420461561e-01,1.000000000000000000e+00
1.121325670421022158e+00,6.823938008729562021e-01,1.000000000000000000e+00
1.037789073135150897e+00,6.327809396965451416e-01,1.000000000000000000e+00
1.173956521861991176e+00,8.774176129933761725e-01,1.000000000000000000e+00
1.365429897460488817e+00,7.525441685794113100e-01,1.000000000000000000e+00
8.118117900463054371e-01,3.575044672560724335e-01,1.000000000000000000e+00
1.315118632717043656e+00,3.983329941325522983e-01,1.000000000000000000e+00
1.186381804105192783e+00,9.935133335960266709e-01,1.000000000000000000e+00
8.857851960143900971e-01,6.328753005960074951e-01,1.000000000000000000e+00
1.190229234594776919e+00,7.173871956200992273e-01,1.000000000000000000e+00
1.363332937777301579e+00,9.645416081635310723e-01,1.000000000000000000e+00
1.288369427243818865e+00,6.811753662915702723e-01,1.000000000000000000e+00
1.115353974210130161e+00,7.584164265356118095e-01,1.000000000000000000e+00
9.246989833912808709e-01,8.046193886772656789e-01,1.000000000000000000e+00
1.218546886269777030e+00,6.859986852842109295e-01,1.000000000000000000e+00
1.372895582502270617e+00,6.067854357953800237e-01,1.000000000000000000e+00
1.022483676446001022e+00,8.741785708535365629e-01,1.000000000000000000e+00
9.273578902322978657e-01,3.151607128229030330e-01,1.000000000000000000e+00
8.138674250372841534e-01,1.010019243743543349e+00,1.000000000000000000e+00
1.188670888413629667e+00,1.085359152984232800e+00,1.000000000000000000e+00
1.070258265415785504e+00,1.015286272624668529e+00,1.000000000000000000e+00
1.311966252282040113e+00,8.759266929872274732e-01,1.000000000000000000e+00
9.792487428069949207e-01,1.022266247459862498e+00,1.000000000000000000e+00
6.474355039929493572e-01,7.032882636234319973e-01,1.000000000000000000e+00
9.709950039297732260e-01,7.735560446575842075e-01,1.000000000000000000e+00
1.183162381370582938e+00,4.599550749701039609e-01,1.000000000000000000e+00
1.072582448093472252e+00,5.281809356455162696e-01,1.000000000000000000e+00
1.375755427338556158e+00,6.331949858902443662e-01,1.000000000000000000e+00
1.288776094257795268e+00,7.350158682608001204e-01,1.000000000000000000e+00
1.356665303076745488e+00,9.830502187600130837e-01,1.000000000000000000e+00
1.576338358763486491e+00,7.891739965678143953e-01,1.000000000000000000e+00
9.581143935629783392e-01,9.713046344427060941e-01,1.000000000000000000e+00
1.698966450274920659e+00,1.178995359255542663e+00,1.000000000000000000e+00
1.277769534334775470e+00,7.391974647406869270e-01,1.000000000000000000e+00
1.219586525704823732e+00,7.082557274436270811e-01,1.000000000000000000e+00
1.640768312291465358e+00,8.161342495889166715e-01,1.000000000000000000e+00
1.168537762303785810e+00,8.875020447177379701e-01,1.000000000000000000e+00
1.786054395164294206e+00,5.265971100204789312e-01,1.000000000000000000e+00
1.720457227579443638e+00,1.167055632183356062e+00,1.000000000000000000e+00
1.223871681498850172e+00,3.242856386563711113e-01,1.000000000000000000e+00
1.413342344462676925e+00,8.604309121625384194e-01,1.000000000000000000e+00
1.088383727195914030e+00,7.813358554691872682e-01,1.000000000000000000e+00
1.150703146076416328e+00,9.487443319193445967e-01,1.000000000000000000e+00
1.684109531409973215e+00,1.289965477037810393e+00,1.000000000000000000e+00
1.576868966290104535e+00,1.235049372538375545e+00,1.000000000000000000e+00
1.505939290614660031e+00,1.045909100733723340e+00,1.000000000000000000e+00
1.085985330634112511e+00,9.851820932593418068e-01,1.000000000000000000e+00
1.418136334152469757e+00,1.417584460980206407e+00,1.000000000000000000e+00
1.424329463083461311e+00,7.714616714427098287e-01,1.000000000000000000e+00
1.762401967626433530e+00,6.162319213819157371e-01,1.000000000000000000e+00
1.592553666873447238e+00,5.360671607367989422e-01,1.000000000000000000e+00
1.371317385599519767e+00,9.928538001875277796e-01,1.000000000000000000e+00
1.388127984926691205e+00,9.318665929913465540e-01,1.000000000000000000e+00
1.486246984753532452e+00,5.226007967684298539e-01,1.000000000000000000e+00
1.442617459767681964e+00,1.251334710921106597e+00,1.000000000000000000e+00
1.441498786292275236e+00,8.506851458172891567e-01,1.000000000000000000e+00
1.224056369976516123e+00,5.874137923661134630e-01,1.000000000000000000e+00
1.673528817564618132e+00,8.176805437851215608e-01,1.000000000000000000e+00
1.219297442352290872e+00,9.773111357681162348e-01,1.000000000000000000e+00
9.012471465386632241e-01,5.658949977425888900e-01,1.000000000000000000e+00
1.544327712012704135e+00,8.896988192306388710e-01,1.000000000000000000e+00
1.597802453924540345e+00,5.810027441817771088e-01,1.000000000000000000e+00
1.696370722271378195e+00,6.120521457074081795e-01,1.000000000000000000e+00
9.908910301762845485e-01,7.544343286452820374e-01,1.000000000000000000e+00
1.306084864716853700e+00,7.198638072465187721e-01,1.000000000000000000e+00
1.518331558756818023e+00,6.873940878640507623e-01,1.000000000000000000e+00
9.639299212774903314e-01,1.901937064876774164e-01,1.000000000000000000e+00
1.758706260295393786e+00,9.689376874054094202e-01,1.000000000000000000e+00
1.257011338447504123e+00,1.154789100555992487e+00,1.000000000000000000e+00
1.622651603124012798e+00,7.599673903668026087e-01,1.000000000000000000e+00
1.023521989042511349e+00,2.572599191354896231e-01,1.000000000000000000e+00
1.371201557360040901e+00,-1.935118602958206813e-01,1.000000000000000000e+00
8.700855953911281748e-01,1.225361851396284396e-01,1.000000000000000000e+00
1.400510788390603389e+00,4.416846826208183363e-01,1.000000000000000000e+00
7.828016674114364193e-01,5.794142251307403679e-01,1.000000000000000000e+00
1.131522660156959015e+00,2.452708266059406839e-01,1.000000000000000000e+00
1.070755010905497739e+00,2.512569625569448517e-01,1.000000000000000000e+00
1.536682068140576396e+00,5.337256341992576703e-01,1.000000000000000000e+00
1.207877449012684901e+00,4.039500618494124007e-01,1.000000000000000000e+00
1.557729387963050716e+00,4.741526734355534511e-01,1.000000000000000000e+00
1.163171257026893946e+00,1.803348294282310915e-01,1.000000000000000000e+00
9.782445619745687715e-01,5.713294998640683353e-02,1.000000000000000000e+00
1.081506374162186646e+00,3.351253924682224827e-01,1.000000000000000000e+00
1.495190296020053600e+00,7.149528097850910147e-01,1.000000000000000000e+00
7.913803394113524403e-01,6.090498958495534909e-01,1.000000000000000000e+00
1.347011138829162347e+00,2.633252491454733946e-01,1.000000000000000000e+00
1.311248987005396271e+00,3.694700149879304174e-01,1.000000000000000000e+00
1.329285469889365912e+00,6.520165504305214244e-01,1.000000000000000000e+00
1.208821035718960379e+00,1.838568534620673156e-01,1.000000000000000000e+00
1.189521365421869037e+00,-2.311183736582661519e-02,1.000000000000000000e+00
9.640216028763107792e-01,6.147909602547717567e-01,1.000000000000000000e+00
1.493636621962957767e+00,5.155699563478119973e-01,1.000000000000000000e+00
1.105090017526866975e+00,7.474185717208148283e-02,1.000000000000000000e+00
8.335246564612707187e-01,3.990666062011618553e-01,1.000000000000000000e+00
8.691089482156719725e-01,1.782582746884523450e-01,1.000000000000000000e+00
9.244444453368699799e-01,4.843648986128163414e-01,1.000000000000000000e+00
1.236357126231953263e+00,3.870625208473943424e-02,1.000000000000000000e+00
1.470519336852726955e+00,3.573967929300194690e-01,1.000000000000000000e+00
1.214804489378573882e+00,2.731828291845495027e-01,1.000000000000000000e+00
1.594383025011316235e+00,3.012883896264334505e-02,1.000000000000000000e+00
1.435674165560997029e+00,4.527687409478745040e-01,1.000000000000000000e+00
1.051564709335342407e+00,8.173498396348128914e-01,1.000000000000000000e+00
1.141255669749239754e+00,7.851957192495093718e-01,1.000000000000000000e+00
9.943139017168267646e-01,5.187886010072673137e-01,1.000000000000000000e+00
1.156958717831245265e+00,7.468308753352239648e-01,1.000000000000000000e+00
1.421797856118451886e+00,6.098955603105230550e-01,1.000000000000000000e+00
1.300618113079145433e+00,7.118107517602775269e-01,1.000000000000000000e+00
1.207961935199288961e+00,4.419414375593218591e-01,1.000000000000000000e+00
1.356098877316816109e+00,6.347010242233408484e-01,1.000000000000000000e+00
1.202984918268386272e+00,4.929040640958763930e-01,1.000000000000000000e+00
1.507434454400265134e+00,9.936333891400821461e-01,1.000000000000000000e+00
1.057339367736440217e+00,2.724831719821867448e-01,1.000000000000000000e+00
9.793606336414213409e-01,6.803264191206390699e-01,1.000000000000000000e+00
1.240400446277017732e+00,4.706016021970985674e-01,1.000000000000000000e+00
8.699323551490627526e-01,2.728526699867030447e-01,1.000000000000000000e+00
1.283525317979157920e+00,3.254007022657511294e-01,1.000000000000000000e+00
1.118385380504558269e+00,1.045389272244518830e+00,1.000000000000000000e+00
7.088276637926379520e-01,6.216258857067382682e-01,1.000000000000000000e+00
1.135297254827178026e+00,6.619992421157490092e-01,1.000000000000000000e+00
1.179125844483206231e+00,1.143780446561386110e+00,1.000000000000000000e+00
1.505998134211999462e+00,1.404893822792449676e+00,1.000000000000000000e+00
1.119828733172871571e+00,1.058714173100574696e+00,1.000000000000000000e+00
1.618620436683053887e+00,1.207889762723497684e+00,1.000000000000000000e+00
1.078528248040600435e+00,9.120184037740227678e-01,1.000000000000000000e+00
1.147978896622528611e+00,1.302245418334794236e-01,1.000000000000000000e+00
1.738948330138615717e+00,8.176343918674923161e-01,1.000000000000000000e+00
1.420882921850817882e+00,9.618681127058507085e-01,1.000000000000000000e+00
9.054644848260730017e-01,7.059643794665293459e-01,1.000000000000000000e+00
1.313641982638431349e+00,9.575746454646616446e-01,1.000000000000000000e+00
1.717240133353134635e+00,1.012263552634541597e+00,1.000000000000000000e+00
1.609551471657744148e+00,5.155590814097904540e-01,1.000000000000000000e+00
1.604028881489886205e+00,1.998404336819586957e-01,1.000000000000000000e+00
1.372876340010549256e+00,1.101327928114863353e+00,1.000000000000000000e+00
1.014931659868535174e+00,5.573946455373541831e-01,1.000000000000000000e+00
1.083886549935897170e+00,5.138761814472212475e-01,1.000000000000000000e+00
1.547435557230872671e+00,4.494015649433604764e-01,1.000000000000000000e+00
9.249317100544092174e-01,7.908547594897263888e-01,1.000000000000000000e+00
1.872534593166703676e+00,2.890675271414819836e-01,1.000000000000000000e+00
1.677686777937415608e+00,6.961357303345169223e-01,1.000000000000000000e+00
1.420353902188005613e+00,6.479834044184334951e-01,1.000000000000000000e+00
1.357267602251512661e+00,1.060314193125647009e+00,1.000000000000000000e+00
1.235408317445955806e+00,8.996028445907442439e-01,1.000000000000000000e+00
1.049257596479540089e+00,9.700673614291296376e-01,1.000000000000000000e+00
9.802645960226787913e-01,1.331487280167366505e+00,1.000000000000000000e+00
8.702325215368873490e-01,9.081869437475671436e-01,1.000000000000000000e+00
9.669592092985805909e-01,6.675001536978968364e-01,1.000000000000000000e+00
1.605111148280109479e+00,8.948936685799789847e-01,1.000000000000000000e+00
1.072516547507546658e+00,1.118094094670513572e+00,1.000000000000000000e+00
1.164953360052776610e+00,1.380514190517791340e+00,1.000000000000000000e+00
1.169433289020356259e+00,5.677209140616791272e-01,1.000000000000000000e+00
1.357422356548751763e+00,6.997666699896283315e-01,1.000000000000000000e+00
1.789395534026144707e+00,5.879044238278529066e-01,1.000000000000000000e+00
1.180057551873522126e+00,1.311869377488488198e+00,1.000000000000000000e+00
1.606002524315169655e+00,8.752080435276520243e-01,1.000000000000000000e+00
1.389358329764981415e+00,9.433517399912781931e-01,1.000000000000000000e+00
1.424496596023095529e+00,4.733364762543703086e-01,1.000000000000000000e+00
1.222897097062074945e+00,1.222481670568946521e+00,1.000000000000000000e+00
1.532249253664386801e+00,1.400268879115438292e+00,1.000000000000000000e+00
9.008569744622423325e-01,7.591803218730529546e-01,1.000000000000000000e+00
1.410128505588534642e+00,7.745818101809580636e-01,1.000000000000000000e+00
6.025899610186337130e-01,9.616290296634302237e-01,1.000000000000000000e+00
6.633785986512856780e-01,4.083840499903864107e-01,1.000000000000000000e+00
4.970332513330041335e-01,7.801900515109397860e-01,1.000000000000000000e+00
6.321485880272212921e-01,6.044286049244286252e-01,1.000000000000000000e+00
2.647198645297000330e-01,7.152590669901691678e-01,1.000000000000000000e+00
6.389790817961037428e-01,6.201009746237957643e-01,1.000000000000000000e+00
6.318725149971898825e-01,1.009530782433481821e+00,1.000000000000000000e+00
4.057178950755729874e-01,7.569823503159271993e-01,1.000000000000000000e+00
5.487095230422609493e-01,4.144986668171325994e-01,1.000000000000000000e+00
4.527926251505908217e-01,7.052244468095631991e-01,1.000000000000000000e+00
6.600033784329637498e-01,7.713102336946715543e-01,1.000000000000000000e+00
9.854966511577389898e-01,1.256442567202561644e+00,1.000000000000000000e+00
6.388595550465646644e-01,9.639535000285515132e-02,1.000000000000000000e+00
7.651423024512092885e-01,9.804935497412775591e-01,1.000000000000000000e+00
7.778195128040166217e-01,5.850140953277916944e-01,1.000000000000000000e+00
5.669742429579299747e-01,5.050450846165390750e-01,1.000000000000000000e+00
2.208538068926177989e-01,8.073057191410344391e-01,1.000000000000000000e+00
1.350323326795512813e+00,6.284011115677494708e-01,1.000000000000000000e+00
3.771455749857085538e-01,7.479509851850101310e-01,1.000000000000000000e+00
5.278194424061793955e-01,8.937902883029872347e-01,1.000000000000000000e+00
6.000930640183016473e-01,6.910006828520672828e-01,1.000000000000000000e+00
4.749751137393594114e-01,1.048224490086823391e+00,1.000000000000000000e+00
7.077978296107173550e-01,1.064333834434947335e+00,1.000000000000000000e+00
2.624884151856521908e-01,9.263198029073973494e-01,1.000000000000000000e+00
3.669038531660069324e-01,8.451688091058224828e-01,1.000000000000000000e+00
4.803127066177834692e-01,8.552344863597498570e-01,1.000000000000000000e+00
6.598630134208292031e-01,5.061936065876995183e-01,1.000000000000000000e+00
1.183899912664771570e+00,6.981197885082667254e-01,1.000000000000000000e+00
7.730784610569356730e-01,1.043187522551578539e+00,1.000000000000000000e+00
7.940099568343722547e-01,9.669615696526633331e-01,1.000000000000000000e+00
6.107349784143266680e-01,4.268029463743095997e-01,1.000000000000000000e+00
5.418086433691475801e-01,1.128196243590967596e+00,1.000000000000000000e+00
5.693524972472527867e-01,1.157134238419528005e+00,1.000000000000000000e+00
7.883589578156172673e-01,1.244921973605739973e+00,1.000000000000000000e+00
4.751478745881323462e-01,1.106878600007960678e+00,1.000000000000000000e+00
2.418983265707301822e-01,6.246843118428923036e-01,1.000000000000000000e+00
4.781868044105925253e-01,9.817222532897473819e-01,1.000000000000000000e+00
7.303932075597707740e-01,9.898383692383051491e-01,1.000000000000000000e+00
5.616064917714336246e-01,7.507952718930884783e-01,1.000000000000000000e+00
3.971097099611926029e-01,9.055924303339794035e-01,1.000000000000000000e+00
6.587969993420783599e-01,4.597928708897661143e-01,1.000000000000000000e+00
3.938949182984980979e-01,6.107762027147577433e-01,1.000000000000000000e+00
3.147904002420285896e-01,4.045000274871022872e-01,1.000000000000000000e+00
6.535277179822722715e-01,5.376802859510677601e-01,1.000000000000000000e+00
4.979704625203777435e-01,1.037242384868095169e+00,1.000000000000000000e+00
-3.619547729055966334e-01,1.019862398165565454e+00,1.000000000000000000e+00
-2.208991520841474543e-01,1.302712182231573923e+00,1.000000000000000000e+00
-1.860602360226069618e-01,8.755424860123279807e-01,1.000000000000000000e+00
-2.001882585088067823e-01,8.224345938327580763e-01,1.000000000000000000e+00
-6.902037486317231796e-01,1.360047188878522606e+00,1.000000000000000000e+00
5.190555981198591295e-02,1.288365392581239055e+00,1.000000000000000000e+00
-1.898290563002211218e-01,8.296735473082845758e-01,1.000000000000000000e+00
-4.173391567579287087e-01,1.467493593034452370e+00,1.000000000000000000e+00
-2.636763867254988680e-01,1.351811427840756474e+00,1.000000000000000000e+00
-1.921839421346520083e-01,8.688364966939078338e-01,1.000000000000000000e+00
5.101607594840795734e-03,1.393336348515417766e+00,1.000000000000000000e+00
-9.921485947036873254e-02,1.200920759127579229e+00,1.000000000000000000e+00
-2.528997685719451272e-01,1.549842200515383350e+00,1.000000000000000000e+00
-3.598933858205856096e-01,1.125919102666694371e+00,1.000000000000000000e+00
-6.532347984748421155e-02,7.586005406446798549e-01,1.000000000000000000e+00
-1.907924801219320066e-01,8.130829401629791064e-01,1.000000000000000000e+00
-5.421609616552338640e-01,9.757139424560729024e-01,1.000000000000000000e+00
-5.914081504910424503e-01,9.852882358800040263e-01,1.000000000000000000e+00
-2.088219205421763536e-01,9.908688365694410249e-01,1.000000000000000000e+00
-4.248246991235866687e-01,1.043801350521309068e+00,1.000000000000000000e+00
-3.498789286705972224e-01,7.538351915582237606e-01,1.000000000000000000e+00
-3.274603747036883283e-01,9.204221586500744845e-01,1.000000000000000000e+00
2.905694209754421387e-01,6.617667151823030114e-01,1.000000000000000000e+00
-1.934008278796678360e-02,1.251558675214258232e+00,1.000000000000000000e+00
-2.249842413226458560e-01,8.128871604041156829e-01,1.000000000000000000e+00
-1.563620224041001316e-01,8.610310709571885601e-01,1.000000000000000000e+00
2.082940376682768102e-02,9.611542162659522104e-01,1.000000000000000000e+00
-2.522614160366670744e-02,6.585400928535098952e-01,1.000000000000000000e+00
-1.805428680096861915e-01,1.143444248160096155e+00,1.000000000000000000e+00
-3.708579404501630705e-01,1.189691104151220591e+00,1.000000000000000000e+00
-3.500512061439762790e-01,1.170422066231478375e+00,1.000000000000000000e+00
-2.077187809145223940e-01,6.702052882037161652e-01,1.000000000000000000e+00
-5.556663676022413068e-01,1.125914723879695378e+00,1.000000000000000000e+00
-4.735037303678113485e-01,1.142412425480064719e+00,1.000000000000000000e+00
-4.910502388542514751e-02,7.758830835819889860e-01,1.000000000000000000e+00
6.331813802424296478e-02,9.976968905998300219e-01,1.000000000000000000e+00
-3.872675710713605057e-01,1.087754967263308892e+00,1.000000000000000000e+00
-4.777286884487716989e-01,1.053820589891717008e+00,1.000000000000000000e+00
-4.581403448161556202e-01,8.044411015982855240e-01,1.000000000000000000e+00
-1.689290805503728676e-01,9.230537633809459130e-01,1.000000000000000000e+00
-2.609951255681051685e-01,9.103615708869479128e-01,1.000000000000000000e+00
5.612025691162303431e-02,1.112935498898996789e+00,1.000000000000000000e+00
-4.280037220121114538e-01,1.349084572306724183e+00,1.000000000000000000e+00
-1.879730057130901133e-01,8.829234178569714819e-01,1.000000000000000000e+00
-8.280536284746287112e-03,1.498168557169608395e+00,1.000000000000000000e+00
-6.630432441693706602e-01,1.233545905702900569e+00,1.000000000000000000e+00
-7.918472373044198598e-01,1.414366542189611220e+00,1.000000000000000000e+00
-8.895220826184032648e-01,8.230017227827778337e-01,1.000000000000000000e+00
-2.116197004926646530e-01,1.269956253839570559e+00,1.000000000000000000e+00
-1.216511474309079910e+00,1.169036099330972522e+00,1.000000000000000000e+00
-7.351923820776760099e-01,1.368942639389954863e+00,1.000000000000000000e+00
-1.091785993935811216e+00,1.139264106465813109e+00,1.000000000000000000e+00
-7.624066579103991881e-01,1.376092921847293482e+00,1.000000000000000000e+00
-8.233306128340114327e-01,1.066164039827302901e+00,1.000000000000000000e+00
-7.472985612584287507e-01,1.349009044955384873e+00,1.000000000000000000e+00
-9.153843156770772316e-01,1.279599359618358356e+00,1.000000000000000000e+00
-1.331059724933737032e+00,1.241845052624600099e+00,1.000000000000000000e+00
-6.334042525795455791e-01,9.591529491692023512e-01,1.000000000000000000e+00
-5.503856002060296682e-01,1.506590519595343070e+00,1.000000000000000000e+00
-8.184247113043121580e-01,1.181106465224556867e+00,1.000000000000000000e+00
-1.051999256372498026e+00,8.054121982219532017e-01,1.000000000000000000e+00
-7.443727300603565356e-01,1.175767421416407554e+00,1.000000000000000000e+00
-4.524641063206011893e-01,1.475725724048547072e+00,1.000000000000000000e+00
-1.597365690809517735e+00,1.719558270862038940e+00,0.000000000000000000e+00
-9.754255940330538444e-01,1.226545022832689957e+00,1.000000000000000000e+00
-9.071269757625813890e-01,1.014073831922896129e+00,1.000000000000000000e+00
-1.162241162631796332e+00,1.239998383609960175e+00,1.000000000000000000e+00
-6.940176807246565271e-01,1.490136938108689302e+00,1.000000000000000000e+00
-6.680179316705220360e-01,1.415631166089103443e+00,1.000000000000000000e+00
-3.943920135858961507e-01,1.318645413992169946e+00,1.000000000000000000e+00
-1.418883089609560777e+00,1.515264642058196110e+00,1.000000000000000000e+00
-9.283045591874740099e-01,1.279654293816073540e+00,1.000000000000000000e+00
-7.556951873896691207e-01,9.013670989277340340e-01,1.000000000000000000e+00
-7.626592603848175722e-01,9.108260298740207261e-01,1.000000000000000000e+00
-9.477131494729167382e-01,1.488438718873540401e+00,1.000000000000000000e+00
-1.251051127582336164e+00,1.089004815032849738e+00,1.000000000000000000e+00
-8.990598723290249561e-01,1.201452487701972105e+00,1.000000000000000000e+00
-9.643433237555961712e-01,1.132544898062934013e+00,1.000000000000000000e+00
-6.615879952219536619e-01,1.515630012922612568e+00,1.000000000000000000e+00
-1.179601438676517677e+00,1.237641292816822558e+00,1.000000000000000000e+00
-1.039488238443732282e+00,1.119467611616149050e+00,1.000000000000000000e+00
-1.107046519848860378e+00,1.128213389775573061e+00,1.000000000000000000e+00
-1.393783425829865585e+00,1.517202792497023722e+00,1.000000000000000000e+00
-1.392107215841932089e+00,1.495004869942117898e+00,1.000000000000000000e+00
-1.040199981263437712e+00,1.929137395306952163e+00,1.000000000000000000e+00
-8.999246029089359444e-01,6.750768427133351235e-01,1.000000000000000000e+00
-4.952769412757503931e-01,1.247568779213333867e+00,1.000000000000000000e+00
-8.770538120403107429e-01,1.254800588673962158e+00,1.000000000000000000e+00
-2.279635377794421158e-01,1.319916209133566554e+00,1.000000000000000000e+00
-9.222690630694933001e-01,1.358628381427860798e+00,1.000000000000000000e+00
-1.034401144600657352e-01,-6.621271355059593633e-01,0.000000000000000000e+00
7.415945711804194929e-02,-5.684350474578648837e-01,0.000000000000000000e+00
-1.146136262019905039e-01,-6.434163598262208072e-01,0.000000000000000000e+00
-2.050990671489066330e-01,-9.691988336740881005e-02,0.000000000000000000e+00
2.457724295102796108e-01,-6.115839539683798343e-01,0.000000000000000000e+00
-3.152216128301765785e-02,-2.598742030901157740e-01,0.000000000000000000e+00
-2.541321061427076478e-01,-3.683196127788408436e-01,0.000000000000000000e+00
-3.798853269430823576e-01,-1.030793921093533960e+00,0.000000000000000000e+00
3.358951303344129280e-02,-3.703274961444638080e-01,0.000000000000000000e+00
9.547290566612179341e-02,-8.974017533588327655e-01,0.000000000000000000e+00
-3.091160154479178912e-01,-3.494129388949692161e-01,0.000000000000000000e+00
-2.860068449420233860e-01,-4.930855612615913097e-01,0.000000000000000000e+00
8.067840137724838212e-02,-4.138537428649074479e-01,0.000000000000000000e+00
-3.839605362071005779e-01,-7.279755798413896084e-01,0.000000000000000000e+00
3.413585141890236319e-01,4.279264771560914449e-02,1.000000000000000000e+00
-2.344895897750075286e-01,-2.600739725009998393e-02,1.000000000000000000e+00
3.389068228497049695e-04,-1.949794410156406588e-01,0.000000000000000000e+00
5.009755556445468772e-01,-5.953911540490742782e-01,0.000000000000000000e+00
1.027918331608589364e-01,-7.654285800089062342e-01,0.000000000000000000e+00
1.511298544681302924e-01,-2.936344440060861816e-02,1.000000000000000000e+00
-1.482671096845842307e-01,-1.862656360659764865e-01,0.000000000000000000e+00
1.932261539718589938e-01,-4.374994953230372796e-01,0.000000000000000000e+00
3.553195599766977297e-01,-4.357851850743849065e-01,0.000000000000000000e+00
-3.473071684947870441e-01,-4.434337206560098887e-01,0.000000000000000000e+00
2.022449010778069600e-01,-4.022915682065510978e-01,0.000000000000000000e+00
-2.640543328312503490e-01,-6.563322084809903867e-01,0.000000000000000000e+00
-1.453647911154642425e-01,-4.735065200556294318e-01,0.000000000000000000e+00
-2.223846345928078561e-01,-3.670085874862119013e-01,0.000000000000000000e+00
6.407882812944118434e-03,-6.990154362832522450e-01,0.000000000000000000e+00
-2.994907141398504002e-01,-4.188556964168102525e-01,0.000000000000000000e+00
-2.152913300153308507e-02,-6.494724925423208672e-01,0.000000000000000000e+00
1.885617461915061188e-01,-8.974075584669689576e-01,0.000000000000000000e+00
-3.992837398716125308e-01,-6.911761637814164416e-01,0.000000000000000000e+00
-2.620955755175404245e-01,-1.858146794450515338e-01,0.000000000000000000e+00
8.662291564730423277e-02,-5.905603806834761604e-01,0.000000000000000000e+00
2.689357280649132265e-03,-3.567631437424148011e-01,0.000000000000000000e+00
-1.566000187626333529e-01,-8.673166898496676991e-01,0.000000000000000000e+00
-2.354895466821776973e-01,-1.619318940094224835e-01,0.000000000000000000e+00
-5.959470595501014101e-01,-1.300444049130208835e-01,0.000000000000000000e+00
8.834251188433725477e-02,-2.054998075408402403e-01,1.000000000000000000e+00
-2.520416173685257055e-01,1.422276549194528839e-02,1.000000000000000000e+00
5.303084446389777495e-02,-3.307857864521869806e-01,0.000000000000000000e+00
-1.259255244880576052e-01,-1.798538073153232997e-02,1.000000000000000000e+00
9.152318569722192598e-02,-4.049992806144650515e-01,1.000000000000000000e+00
9.887190789932681634e-02,1.247708616512070989e-01,1.000000000000000000e+00
5.144911457083670703e-01,1.392980756644408569e+00,1.000000000000000000e+00
-2.315864953528204429e-01,7.362280995729657551e-01,1.000000000000000000e+00
6.156806181896803259e-02,1.033685027903997966e+00,1.000000000000000000e+00
-1.199334069290854815e-02,1.151230819079283041e+00,1.000000000000000000e+00
1.587242503188858456e-01,9.119236535036139291e-01,1.000000000000000000e+00
-4.923845984236925322e-01,1.026675442230606583e+00,1.000000000000000000e+00
-3.310168155171994142e-02,1.052746156508539421e+00,1.000000000000000000e+00
6.566635776942832958e-01,8.070520012063477910e-01,1.000000000000000000e+00
2.793750553616803842e-02,9.476245359581543237e-01,1.000000000000000000e+00
-5.301516295796634415e-01,8.155001436267712567e-01,1.000000000000000000e+00
5.105993376996063038e-01,4.725474293471270681e-01,1.000000000000000000e+00
-3.819079150610213969e-01,3.409258117190140380e-01,1.000000000000000000e+00
-8.105368887125916078e-02,1.204351638681391945e+00,1.000000000000000000e+00
1.528380281215211967e-01,1.168515958286659995e+00,1.000000000000000000e+00
-8.294526991236658708e-02,8.350566821857582367e-01,1.000000000000000000e+00
9.187001627005333265e-03,3.479837030844393775e-01,1.000000000000000000e+00
-9.265365833442860966e-03,1.001959217885444842e+00,1.000000000000000000e+00
1.474520633237312306e-01,6.428690509706065370e-01,1.000000000000000000e+00
-2.288723557598280056e-01,1.048849814273387970e+00,1.000000000000000000e+00
-8.834514524257765233e-02,8.232295059352895406e-01,1.000000000000000000e+00
-3.306217842633507042e-01,7.213516588580417555e-01,1.000000000000000000e+00
-6.340414809957702069e-02,9.450746993925219774e-01,1.000000000000000000e+00
-1.687567831510728977e-01,1.011796966478456294e+00,1.000000000000000000e+00
-2.852708777721758571e-01,1.054001110857889500e+00,1.000000000000000000e+00
2.729464712355160749e-01,9.108619248317274542e-01,1.000000000000000000e+00
-1.813402123856704129e-01,5.511735847244637609e-01,1.000000000000000000e+00
-1.429836433863068412e-01,1.098585194979754487e+00,1.000000000000000000e+00
-2.799903769558563238e-01,7.490330166947509749e-01,1.000000000000000000e+00
3.894032316971043350e-01,1.126793987528196928e+00,1.000000000000000000e+00
-5.505214107567937276e-01,9.137623338301276155e-01,1.000000000000000000e+00
4.147719750020067292e-02,1.372760210425131966e+00,1.000000000000000000e+00
-3.679363338177851772e-03,9.914276032063860100e-01,1.000000000000000000e+00
7.291760461328774534e-01,9.355572656707001888e-01,1.000000000000000000e+00
2.028516807559144902e-02,5.171409949149123886e-01,1.000000000000000000e+00
2.407090782839136078e-01,9.410590839101059535e-01,1.000000000000000000e+00
5.260944747802316634e-03,7.581785403683366509e-01,1.000000000000000000e+00
5.617807420799996176e-01,7.656355747816643298e-01,1.000000000000000000e+00
3.019642884688681361e-01,6.592960660225488656e-01,1.000000000000000000e+00
-1.759269294074889550e-02,6.345815112371443467e-01,1.000000000000000000e+00
-1.031170359755267107e-01,1.007183481841705586e+00,1.000000000000000000e+00
-1.564140470743727862e-01,7.447119262631900494e-01,1.000000000000000000e+00
1.901358528639061352e-01,5.541194635927894074e-01,1.000000000000000000e+00
2.732120790009133771e-01,5.932562720200444950e-01,1.000000000000000000e+00
-4.476843808860101470e-01,1.076788663091412745e+00,1.000000000000000000e+00
-2.571873305596725778e-01,8.370811196716113622e-01,1.000000000000000000e+00
-9.258304435659356901e-01,1.322435380733306243e+00,1.000000000000000000e+00
-8.514154415339407755e-01,1.584579091288397912e+00,1.000000000000000000e+00
-1.007363694377093388e+00,9.767440182328879228e-01,1.000000000000000000e+00
-9.033816608349279909e-01,1.300099468021120641e+00,1.000000000000000000e+00
-5.231992981042044022e-01,1.189104606242681328e+00,1.000000000000000000e+00
-1.022734594996976165e+00,6.304441561330418331e-01,0.000000000000000000e+00
-7.000356262534002116e-01,8.410114641959272053e-01,1.000000000000000000e+00
-7.536038301894379954e-01,1.311533265161723305e+00,1.000000000000000000e+00
-8.426716551019964863e-01,1.058779132063372819e+00,1.000000000000000000e+00
-5.871187830418821418e-01,1.029288715046846159e+00,1.000000000000000000e+00
-7.153191380807778499e-01,1.135771623332854752e+00,1.000000000000000000e+00
-6.555579578663423002e-01,9.699396247485814193e-01,1.000000000000000000e+00
-7.141786397396313602e-01,8.763058356952644345e-01,1.000000000000000000e+00
-1.918854988391491823e-01,1.220161152482884814e+00,1.000000000000000000e+00
-5.894175873676495980e-01,8.595476617417658893e-01,1.000000000000000000e+00
-5.056413525861948033e-01,1.535231617627118794e+00,1.000000000000000000e+00
-8.069875665095199713e-01,9.639074274842167611e-01,1.000000000000000000e+00
-6.476321622961267455e-01,8.016297947550978797e-01,1.000000000000000000e+00
-8.434032585320078157e-01,9.866077394911935139e-01,1.000000000000000000e+00
-1.217867107245897307e+00,9.855423483667218321e-01,1.000000000000000000e+00
-5.339450019456706276e-01,1.147999323471954769e+00,1.000000000000000000e+00
-9.587556448576707302e-01,1.002325945284008535e+00,1.000000000000000000e+00
-7.409717985504706839e-01,7.941829331306961004e-01,1.000000000000000000e+00
-7.151933882196528369e-01,6.571439366990176056e-01,1.000000000000000000e+00
-6.853639678272492874e-01,8.455563011346948210e-01,1.000000000000000000e+00
-7.027328966817318889e-01,1.012224908855790417e+00,1.000000000000000000e+00
-7.636892125004939302e-01,1.282674752785261996e+00,1.000000000000000000e+00
-4.447134612559344724e-01,1.546032631406874414e+00,1.000000000000000000e+00
-6.036757231201442808e-01,1.080369281578660967e+00,1.000000000000000000e+00
-6.092336001874646412e-01,7.950574079342747069e-01,1.000000000000000000e+00
-7.474683734306617477e-01,1.453005240715790736e+00,1.000000000000000000e+00
-1.141261376898768498e+00,1.415132308846060782e+00,1.000000000000000000e+00
-6.827554829342542542e-01,1.030633243044794423e+00,1.000000000000000000e+00
-1.063163110343082085e+00,1.193908844032265826e+00,1.000000000000000000e+00
-6.193864649152218682e-01,1.053105325795260949e+00,1.000000000000000000e+00
-7.399885651983261203e-01,9.939987383924349107e-01,1.000000000000000000e+00
-5.867953489344694962e-01,7.833054180794245536e-01,1.000000000000000000e+00
-8.189897773331353825e-01,1.248965254925069157e+00,1.000000000000000000e+00
-7.094488050332264928e-01,1.232910442185640054e+00,1.000000000000000000e+00
-7.259746145194538869e-01,1.328966791851691420e+00,1.000000000000000000e+00
-5.487321975962355936e-01,1.894457180953419417e+00,1.000000000000000000e+00
-9.127358868672820202e-01,1.453674493963655667e+00,1.000000000000000000e+00
-8.845008536375322805e-01,1.024458549632288662e+00,1.000000000000000000e+00
-7.193913256443227322e-01,1.199095866191428605e+00,1.000000000000000000e+00
-7.671371452532030899e-01,1.365648649447515961e+00,1.000000000000000000e+00
-8.514884472670570803e-01,5.186558638106122388e-01,1.000000000000000000e+00
-1.182191051148366867e+00,3.648129447019795579e-01,0.000000000000000000e+00
-1.187773405272557259e+00,8.581388455872729359e-02,0.000000000000000000e+00
-1.244541937744117588e+00,6.537311356635164827e-01,0.000000000000000000e+00
-1.099189259824024267e+00,5.140976957940908143e-01,0.000000000000000000e+00
-1.378249278081955298e+00,1.196027904236706130e-01,0.000000000000000000e+00
-9.858891535311623544e-01,4.238292356787406456e-01,0.000000000000000000e+00
-2.040780548166928554e+00,2.085397390266891526e-01,0.000000000000000000e+00
-8.874765358667018322e-01,-2.037004995048208311e-01,0.000000000000000000e+00
-1.140668690154305942e+00,4.192543728639452905e-02,0.000000000000000000e+00
-8.987546201415952396e-01,4.970135677226191206e-01,0.000000000000000000e+00
-1.129848369187683499e+00,6.660614592718299143e-01,0.000000000000000000e+00
-1.532370862188339622e+00,7.102328614340884805e-01,0.000000000000000000e+00
-1.086633058738703639e+00,2.720447314001915307e-01,0.000000000000000000e+00
-1.752642126173183268e+00,-3.366438597666338017e-02,0.000000000000000000e+00
-1.378890879622937549e+00,4.992131829783662544e-01,0.000000000000000000e+00
-1.270471231090451347e+00,6.110518707704009067e-01,0.000000000000000000e+00
-1.227656643334728681e+00,1.163038877154893291e-01,0.000000000000000000e+00
-1.327172488931368299e+00,5.008149793939504768e-01,0.000000000000000000e+00
-1.535040561843119544e+00,4.198546495780085541e-01,0.000000000000000000e+00
-1.244667448022475975e+00,6.794153772493360943e-01,0.000000000000000000e+00
-1.245135105600104097e+00,2.752137838317368912e-01,0.000000000000000000e+00
-1.443236254278609243e+00,2.565521856026875547e-01,0.000000000000000000e+00
-1.349080912981079239e+00,5.836198932881115908e-01,1.000000000000000000e+00
-1.254837424148540048e+00,7.084757849102721883e-01,0.000000000000000000e+00
-1.096484197100308977e+00,5.186389264648444408e-01,0.000000000000000000e+00
-1.041787038636841967e+00,6.279293047810363682e-01,1.000000000000000000e+00
-1.509473267095482463e+00,6.345885280747753932e-01,0.000000000000000000e+00
-1.358581253469705930e+00,3.774666608704442261e-01,0.000000000000000000e+00
-1.055420048962524504e+00,5.225319121038032311e-01,0.000000000000000000e+00
-1.559427921298880415e+00,7.114052804827362131e-01,0.000000000000000000e+00
-1.060524649779780004e+00,5.092689909495212719e-01,0.000000000000000000e+00
-1.315490244758827698e+00,2.033490971191136421e-01,0.000000000000000000e+00
-1.366739379406891608e+00,8.034254660322592834e-01,1.000000000000000000e+00
-1.333372858236614222e+00,5.006728883327031809e-01,0.000000000000000000e+00
-1.451919098030274080e+00,2.961762662678308344e-01,0.000000000000000000e+00
-1.793963629960077855e+00,1.906156649739570996e-01,0.000000000000000000e+00
-1.022737580359314391e+00,-5.420676133157231735e-02,0.000000000000000000e+00
-9.252115045708365626e-01,4.244255425579917529e-01,0.000000000000000000e+00
-1.530375493061374659e+00,1.120493751149688189e-01,0.000000000000000000e+00
-1.095647780419015005e+00,1.408996528438687668e-01,0.000000000000000000e+00
-1.631353067716898142e+00,4.580708695962371624e-01,0.000000000000000000e+00
-1.567421542705563331e+00,4.008365888755745510e-01,0.000000000000000000e+00
-1.147104588239536760e+00,6.904595129908521756e-01,1.000000000000000000e+00
-1.321594053530474655e+00,2.352619029025722064e-01,0.000000000000000000e+00
1.096474426440545047e+00,-9.373247796853406699e-01,0.000000000000000000e+00
1.528129162367620308e+00,-9.545980594918770379e-01,1.000000000000000000e+00
1.397383462228428019e+00,-1.055466201018900207e+00,0.000000000000000000e+00
1.477348769135026219e+00,-1.161110132911522763e+00,0.000000000000000000e+00
1.283500431402518016e+00,-1.350982384915169643e+00,0.000000000000000000e+00
1.114847480882883657e+00,-1.339427993957124974e+00,0.000000000000000000e+00
1.227523554059887001e+00,-9.855594687592065251e-01,0.000000000000000000e+00
1.114150966859773328e+00,-1.269728756951257420e+00,0.000000000000000000e+00
1.678899203730421341e+00,-1.478571490100945462e+00,0.000000000000000000e+00
1.622430894678037028e+00,-1.387301494540870817e+00,0.000000000000000000e+00
1.398113565376759126e+00,-1.563978275685965924e+00,0.000000000000000000e+00
1.781867397403748665e+00,-9.105993395550787683e-01,1.000000000000000000e+00
1.343274213105104087e+00,-6.458367517273431169e-01,1.000000000000000000e+00
1.790612346692409318e+00,-1.378156946014958084e+00,0.000000000000000000e+00
9.779777785135658208e-01,-1.146290229258619231e+00,0.000000000000000000e+00
1.260122583044750444e+00,-1.431900300908353962e+00,0.000000000000000000e+00
1.076929864607258036e+00,-9.138794462208321701e-01,0.000000000000000000e+00
1.328184828758583125e+00,-1.528360965983383002e+00,0.000000000000000000e+00
1.513632875199232730e+00,-8.302622044358036746e-01,1.000000000000000000e+00
1.303190896731101667e+00,-1.135063784285055943e+00,0.000000000000000000e+00
1.768388296039099084e+00,-1.361802030920846063e+00,0.000000000000000000e+00
1.141752503946228181e+00,-1.030141093745183811e+00,0.000000000000000000e+00
1.262176387339422723e+00,-6.525439881604929715e-01,1.000000000000000000e+00
1.368321357908041103e+00,-1.223157867572356228e+00,0.000000000000000000e+00
1.182491993701492161e+00,-1.257752847223324588e+00,0.000000000000000000e+00
9.534351398765316121e-01,-1.143929879691448326e+00,0.000000000000000000e+00
1.231875271187599097e+00,-1.043460479389879625e+00,0.000000000000000000e+00
9.695873796586584881e-01,-1.166689275879257526e+00,0.000000000000000000e+00
1.430395276115994818e+00,-8.165892022950833606e-01,1.000000000000000000e+00
1.217948501377588144e+00,-1.416955652230329044e+00,0.000000000000000000e+00
1.423473607265854035e+00,-6.561135143943255255e-01,1.000000000000000000e+00
1.244469534120005383e+00,-7.998422095287143208e-01,0.000000000000000000e+00
1.341730002654476284e+00,-1.191450958431058194e+00,0.000000000000000000e+00
1.329897623645833304e+00,-8.987835909624701802e-01,1.000000000000000000e+00
1.296239205672535588e+00,-8.706587704201330657e-01,1.000000000000000000e+00
1.637168053980697424e+00,-1.115583500576600384e+00,1.000000000000000000e+00
1.061499963276535397e+00,-1.298565201179744832e+00,0.000000000000000000e+00
1.089905225159610858e+00,-3.660093061364585454e-01,1.000000000000000000e+00
1.410432476695901549e+00,-9.749271498052687335e-01,0.000000000000000000e+00
1.212278801239527803e+00,-1.209011122940030436e+00,0.000000000000000000e+00
1.078030997833903770e+00,-1.364209118191830550e+00,0.000000000000000000e+00
1.591563168195863742e+00,-1.169700168582858524e+00,0.000000000000000000e+00
1.356059124810448990e+00,-9.961897213486883285e-01,0.000000000000000000e+00
1.113680361915200256e+00,-1.120573667725150324e+00,0.000000000000000000e+00
1.569089278496886619e+00,-1.014942145727076861e+00,1.000000000000000000e+00
